BHID,FROM,TO,AU,CU,DENSITY
VB2675,215.63690186,217.88690186,-,-,2.61999989
VB2675,217.88690186,219.88690186,-,-,2.6500001
VB2675,219.88690186,221.88690186,-,-,2.6500001
VB2675,221.88690186,223.88690186,-,-,2.66000009
VB2675,223.88690186,225.88690186,-,-,2.66000009
VB2675,225.88690186,226.18699646,-,-,2.66000009
VB2675,227.88690186,229.88690186,0.63,0.69999999,-
VB2675,229.88690186,231.88690186,0.56,0.60000002,-
VB2675,231.88690186,233.88690186,0.69999999,0.69999999,-
VB2675,233.88690186,235.88690186,0.41999999,0.5,-
VB2675,235.88690186,237.88690186,0.98000002,0.89999998,-
VB2675,237.88690186,239.88690186,2.45000005,1.89999998,2.79999995
VB2675,239.88690186,241.88690186,2.02999997,1.60000002,-
VB2675,241.88690186,243.88690186,2.38000011,1.89999998,2.79999995
VB2675,243.88690186,245.88690186,15.18999958,20.29999924,4.09000015
VB2675,245.88690186,247.88690186,0.69999999,0.69999999,3.21000004
VB2675,247.88690186,249.88690186,1.05999994,1,3.8499999
VB2675,249.88690186,251.88690186,1.25,1.20000005,4.17999983
VB2675,251.88690186,253.88690186,1.40999997,1.29999995,4.25
VB2675,253.88690186,255.88690186,1.41999996,1.29999995,4.25
VB2675,255.88690186,257.88699341,0.63,0.69999999,3.22000003
VB2675,267.88699341,269.88699341,0.02,-,-
VB2675,321.88699341,323.88699341,0.13,-,2.75999999
VB2675,323.88699341,324.93701172,0.23,-,2.91000009
VB2675,324.93701172,330.88699341,-,-,2.93000007
VB2737,80.03727722,138.83729553,-,-,2.66000009
VB2737,138.83729553,140.53729248,0.31,0.5,-
VB2737,142.53729248,144.53729248,20.64999962,9.80000019,3.87899995
VB2737,144.53729248,146.53729248,4.40999985,2.4000001,3.00999999
VB2737,146.53729248,148.53729248,2.24000001,1.39999998,-
VB2737,148.53729248,150.53729248,4.34000015,2.5,3.03999996
VB2737,150.53729248,152.53729248,0.28,0.5,-
VB2737,152.53729248,154.53729248,1.88999999,1.29999995,-
VB2737,154.53729248,156.53729248,1.25999999,1,-
VB2737,156.53729248,158.53729248,0.41999999,0.5,-
VB2737,158.53729248,160.53729248,0.28,0.5,-
VB2737,160.53729248,162.53729248,2.66000009,1.79999995,-
VB2737,162.53729248,164.53729248,5.17999983,3.4000001,3.3499999
VB2737,164.53729248,166.53729248,0.41999999,0.5,-
VB2737,172.53729248,174.53729248,0.82999998,0.80000001,3.41000009
VB2737,174.53729248,176.53729248,1.02999997,1,3.8499999
VB2737,176.53729248,178.53729248,1.29999995,1.20000005,4.19000006
VB2737,178.53729248,180.53729248,1.25,1.10000002,4.05000019
VB2737,180.53729248,182.53729248,1.75999999,1.5,4.40999985
VB2737,182.53729248,184.53729248,0.60000002,0.69999999,3.22000003
VB2737,184.53729248,186.53729248,1.01999998,1,3.8499999
VB2737,186.53729248,188.53729248,0.95999998,1,3.8499999
VB2737,188.53729248,190.53729248,0.79000002,0.80000001,3.43000007
VB2737,190.53729248,192.53729248,1.02999997,1,3.8499999
VB2737,192.53729248,194.53729248,0.85000002,0.89999998,3.67000008
VB2737,194.53729248,196.53729248,0.14,-,-
VB2737,196.53729248,198.53729248,0.19,0.40000001,2.81999993
VB2737,200.53729248,202.53729248,-,-,3.01999998
VB2737,202.53729248,204.53729248,-,-,3.04999995
VB2737,204.53729248,206.53729248,-,-,3.06999993
VB2737,206.53729248,208.53729248,-,-,3.08999991
VB2737,208.53729248,210.53729248,-,-,3.08999991
VB2737,210.53729248,212.53729248,-,-,3.08999991
VB2737,212.53729248,214.53729248,-,-,3.0999999
VB2737,214.53729248,216.53729248,-,-,3.0999999
VB2737,216.53729248,218.53729248,-,-,3.1099999
VB2737,218.53729248,220.53729248,-,-,3.1099999
VB2737,220.53729248,222.53729248,-,-,3.11999989
VB2737,222.53729248,224.53729248,-,-,3.1500001
VB2737,224.53729248,225.38729858,0.31999999,0.5,3.74000001
VB2737,225.38729858,227.38729858,-,-,3.16000009
VB2737,227.38729858,228.53729248,-,-,3.17000008
VB2737,228.53729248,230.53729248,-,-,3.17000008
VB2737,230.53729248,232.53729248,-,-,3.17000008
VB2737,232.53729248,234.53729248,-,-,3.17000008
VB2737,234.53729248,236.53729248,-,-,3.17000008
VB2737,236.53729248,239.03729248,-,-,3.18000007
VB2737,239.03729248,241.93730164,-,-,3.19000006
VB2737,241.93730164,242.53729248,-,-,3.20000005
VB2737,242.53729248,244.53729248,-,-,3.20000005
VB2737,244.53729248,246.53729248,-,-,3.21000004
VB2737,246.53729248,248.53729248,-,-,3.21000004
VB2737,248.53729248,249.28729248,-,-,3.22000003
VB2737,249.28729248,274.23730469,-,-,3.23000002
VB2812,122.21749878,183.31750488,-,-,2.70000005
VB2812,183.31750488,185.71749878,0.34999999,0.5,-
VB2812,185.71749878,187.71749878,1.25999999,0.89999998,-
VB2812,187.71749878,189.71749878,0.07,0.40000001,-
VB2812,189.71749878,191.71749878,0.20999999,0.40000001,-
VB2812,191.71749878,193.71749878,0.28,0.5,-
VB2812,193.71749878,195.71749878,2.73000002,1.79999995,-
VB2812,199.71749878,201.71749878,0.91000003,0.80000001,-
VB2812,201.71749878,203.71749878,1.21000004,1,-
VB2812,203.71749878,205.71749878,1.00999999,0.89999998,-
VB2812,205.71749878,207.71749878,1.52999997,1.20000005,-
VB2812,207.71749878,209.71749878,1.21000004,1,-
VB2812,209.71749878,211.71749878,0.89999998,0.89999998,-
VB2812,211.71749878,213.71749878,0.57999998,0.69999999,-
VB2812,213.71749878,215.71749878,0.47999999,0.60000002,-
VB2812,215.71749878,217.71749878,0.75,0.80000001,-
VB2812,217.71749878,219.71749878,0.88,0.89999998,-
VB2812,219.71749878,221.71749878,0.98000002,1,-
VB2812,221.71749878,223.71749878,1.24000001,1.20000005,4.19000006
VB2812,223.71749878,225.71749878,0.1,-,-
VB2812,225.71749878,227.71749878,0.25999999,0.40000001,2.82999992
VB2812,227.71749878,229.71749878,0.13,-,-
VB2812,229.71749878,231.71749878,0.1,-,-
VB2812,231.71749878,233.71749878,0.19,0.40000001,2.83999991
VB2812,253.71749878,255.71749878,0.15000001,-,-
VB2812,255.71749878,257.71749878,0.41999999,0.60000002,3.07999992
VB2812,265.71749878,267.71749878,0.04,-,-
VB2812,279.51748657,281.71749878,0.02,-,-
VB2812,281.71749878,283.71749878,0.34999999,0.5,2.98000002
VB2812,283.71749878,285.71749878,0.41,0.60000002,3.74000001
VB2812,285.71749878,294.11749268,-,-,3.24000001
VB2813,150.94119263,235.74119568,-,-,2.71000004
VB2813,236.34120178,238.94119263,5.94999981,4,3.52999997
VB2813,238.94119263,240.94119263,6.86000013,4.69999981,3.67000008
VB2813,240.94119263,242.94119263,2.0999999,1.60000002,-
VB2813,242.94119263,244.94119263,6.44000006,4.5999999,3.61999989
VB2813,244.94119263,246.94119263,3.8499999,2.9000001,3.16000009
VB2813,246.94119263,248.94119263,4.05999994,3.0999999,3.23000002
VB2813,248.94119263,250.94119263,6.09000015,4.5999999,3.66199994
VB2813,252.94119263,254.94119263,0.44999999,0.60000002,3.07999992
VB2813,254.94119263,256.94119263,0.08,-,-
VB2813,256.94119263,258.94119263,0.47,0.60000002,3.07999992
VB2813,258.94119263,260.94119263,0.92000002,0.89999998,3.67000008
VB2813,260.94119263,262.94119263,0.57999998,0.69999999,3.23000002
VB2813,262.94119263,264.94119263,0.69,0.80000001,3.45000005
VB2813,264.94119263,266.94119263,1.00999999,1,3.86999989
VB2813,266.94119263,268.94119263,0.72000003,0.80000001,3.45000005
VB2813,268.94119263,270.94119263,1.03999996,1.10000002,4.05999994
VB2813,270.94119263,272.94119263,0.80000001,0.89999998,3.67000008
VB2813,272.94119263,274.94119263,0.99000001,1.10000002,4.05999994
VB2813,274.94119263,276.94119263,1.19000006,1.29999995,4.26000023
VB2813,276.94119263,279.04119873,0.89999998,1,3.88000011
VB2813,279.04119873,402.74121094,-,-,3.24000001
VB2832,111.93090057,190.28089905,-,-,2.72000003
VB2832,190.28089905,191.88090515,11.61999989,7.0999999,3.77999997
VB2832,193.480896,195.93089294,1.04999995,0.89999998,-
VB2832,195.93089294,197.93089294,1.75,1.39999998,-
VB2832,197.93089294,199.93089294,2.02999997,1.60000002,4.46000004
VB2832,199.93089294,201.93089294,1.53999996,1.29999995,4.26999998
VB2832,201.93089294,203.93089294,1.12,1,3.8900001
VB2832,203.93089294,205.93089294,1.04999995,1,3.8900001
VB2832,205.93089294,207.93089294,2.94000006,2.29999995,4.5999999
VB2832,207.93089294,209.93089294,4.96999979,3.79999995,4.69000006
VB2832,209.93089294,211.93089294,0.49000001,0.60000002,3.08999991
VB2832,211.93089294,214.480896,1.08000004,1,3.8900001
VB4266,121.32060242,203.62060547,-,-,2.72000003
VB4266,205.12060547,206.32060242,5.5999999,3.79999995,3.49000001
VB4266,206.32060242,208.32060242,0.56,0.60000002,-
VB4266,208.32060242,210.32060242,0.28,0.5,-
VB4266,210.32060242,212.32060242,1.19000006,1,3.93000007
VB4266,212.32060242,214.32060242,0.34999999,0.5,2.98000002
VB4266,214.32060242,216.32060242,0.63,0.69999999,3.25
VB4266,216.32060242,218.32060242,0.98000002,0.89999998,3.67000008
VB4266,218.32060242,220.32060242,2.66000009,2.0999999,4.55999994
VB4266,220.32060242,222.32060242,0.80000001,0.80000001,3.46000004
VB4266,222.32060242,224.32060242,0.49000001,0.60000002,3.08999991
VB4266,224.32060242,226.32060242,0.47,0.60000002,3.08999991
VB4266,226.32060242,228.32060242,0.82999998,0.89999998,3.68000007
VB4266,228.32060242,230.32060242,1.25,1.20000005,4.19000006
VB4266,230.32060242,232.32060242,1.09000003,1.10000002,4.05999994
VB4266,232.32060242,234.32060242,1.14999998,1.10000002,4.05999994
VB4266,234.32060242,236.32060242,-,1,3.74000001
VB4266,236.32060242,238.82060242,-,-,3.25
VB4266,238.82060242,245.82060242,-,-,3.25999999
VB4267,99.3684082,206.06840515,-,-,2.73000002
VB4267,206.56840515,208.86839294,2.30999994,2,2.86999989
VB4267,208.86839294,210.86839294,1.12,1.10000002,-
VB4267,210.86839294,212.86839294,0.63,0.69999999,-
VB4267,212.86839294,214.86839294,2.79999995,2.5,3.03999996
VB4267,214.86839294,215.36839294,6.01999998,5.30000019,3.76999998
VB4267,215.36839294,216.86839294,6.01999998,5.30000019,4.71000004
VB4267,216.86839294,218.86839294,0.41999999,0.60000002,3.08999991
VB4267,218.86839294,220.86839294,0.13,-,-
VB4267,220.86839294,222.86839294,0.47,0.60000002,3.08999991
VB4267,222.86839294,224.86839294,1.47000003,1.5,4.40999985
VB4267,224.86839294,226.86839294,0.72000003,0.80000001,3.47000003
VB4267,226.86839294,228.86839294,0.67000002,0.80000001,3.5
VB4267,228.86839294,230.86839294,1.36000001,1.39999998,4.3499999
VB4267,230.86839294,232.86839294,1.17999995,1.29999995,4.26999998
VB4267,232.86839294,234.86839294,1.20000005,1.29999995,4.28000021
VB4267,234.86839294,236.96839905,1.51999998,1.60000002,4.46000004
VB4267,236.96839905,237.56840515,1.51999998,1.60000002,4.36999989
VB4267,237.56840515,244.86839294,-,-,3.25999999
VB4269,120.88339996,198.18330383,-,-,2.76999998
VB4269,198.38340759,200.38340759,7.21000004,4.4000001,3.61999989
VB4269,200.38340759,202.38340759,4.19999981,2.79999995,3.13000011
VB4269,202.38340759,204.38340759,5.11000013,3.4000001,3.3499999
VB4269,204.38340759,206.38340759,2.79999995,2,2.86999989
VB4269,206.38340759,208.38340759,0.14,0.40000001,-
VB4269,208.38340759,210.38340759,0.56,0.60000002,-
VB4269,210.38340759,212.38340759,0.56,0.60000002,-
VB4269,212.38340759,214.38340759,0.83999997,0.80000001,3.52999997
VB4269,214.38340759,215.98339844,3.1500001,2.4000001,4.63000011
VB4269,215.98339844,218.38340759,0.56,0.60000002,3.08999991
VB4269,218.38340759,220.38340759,1.45000005,1.29999995,4.28000021
VB4269,220.38340759,222.88340759,0.19,0.40000001,2.8499999
VB4269,229.58329773,230.38340759,0.69,0.80000001,3.52999997
VB4269,230.38340759,232.38340759,0.86000001,0.89999998,3.72000003
VB4269,232.38340759,234.38340759,1.08000004,1.10000002,4.07000017
VB4270,169.54989624,249.84989929,-,-,2.81999993
VB4270,251.54989624,253.54989624,2.30999994,1.70000005,-
VB4270,253.54989624,255.54989624,0.49000001,0.60000002,-
VB4270,255.54989624,257.54989624,0.41999999,0.5,-
VB4270,263.54989624,265.54989624,0.68000001,0.69999999,3.25999999
VB4270,265.54989624,267.54989624,0.51999998,0.60000002,3.0999999
VB4270,267.54989624,269.54989624,1.51999998,1.29999995,4.28999996
VB4270,269.54989624,271.54989624,1.45000005,1.29999995,4.28999996
VB4270,271.54989624,273.54989624,1.42999995,1.29999995,4.28999996
VB4270,273.54989624,275.54989624,0.93000001,0.89999998,3.72000003
VB4270,275.54989624,277.54989624,0.98000002,1,3.93000007
VB4270,277.54989624,279.54989624,1.33000004,1.29999995,4.30000019
VB4270,279.54989624,281.54989624,1.32000005,1.29999995,4.32000017
VB4270,281.54989624,283.54989624,0.72000003,0.80000001,3.52999997
VB4270,283.54989624,285.54989624,1.19000006,1.20000005,4.19999981
VB4270,285.54989624,286.54989624,1.27999997,1.29999995,4.32000017
VB4270,286.54989624,304.54989624,-,-,3.25999999
VB4271,147.15640259,233.75630188,-,-,2.83999991
VB4271,233.75630188,235.15640259,1.25999999,1.10000002,-
VB4271,235.15640259,237.15640259,0.98000002,0.89999998,-
VB4271,237.15640259,239.15640259,2.86999989,2.29999995,2.97000003
VB4271,239.15640259,241.15640259,0.61000001,0.69999999,-
VB4271,241.15640259,241.75630188,0.74000001,0.80000001,-
VB4271,241.75630188,243.15640259,0.74000001,0.80000001,3.56999993
VB4271,243.15640259,245.15640259,1.13,1.10000002,4.07000017
VB4271,245.15640259,247.15640259,0.44,0.60000002,3.0999999
VB4271,247.15640259,249.15640259,0.83999997,0.89999998,3.72000003
VB4271,249.15640259,251.15640259,1.46000004,1.39999998,4.36000013
VB4271,251.15640259,253.15640259,1.00999999,1,3.93000007
VB4271,253.15640259,255.15640259,1.03999996,1.10000002,4.0999999
VB4271,255.15640259,257.15640259,0.73000002,0.80000001,3.56999993
VB4271,257.15640259,259.15640259,0.28,0.40000001,2.8499999
VB4271,259.15640259,261.15640259,1.66999996,1.60000002,4.46000004
VB4271,261.15640259,263.15640259,1.04999995,1.10000002,4.13000011
VB4271,263.15640259,265.15640259,0.99000001,1.10000002,4.13999987
VB4271,265.15640259,267.15640259,0.54000002,0.69999999,3.25999999
VB4271,267.15640259,269.15640259,0.41999999,0.60000002,3.0999999
VB4271,269.15640259,270.65640259,0.54000002,0.69999999,3.27999997
VB4271,270.65640259,279.15640259,-,-,3.25999999
VB4272,99.95594025,198.2559967,-,-,2.83999991
VB4272,201.4559021,202.9559021,6.44000006,5,3.67000008
VB4272,202.9559021,204.9559021,3.92000008,3.20000005,4.65999985
VB4272,204.9559021,206.9559021,18.40999985,14.39999962,4.73999977
VB4272,206.9559021,210.9559021,0.61000001,0.69999999,3.27999997
VB4272,210.9559021,212.9559021,1.28999996,1.29999995,4.32000017
VB4272,212.9559021,214.9559021,1.64999998,1.60000002,4.48999977
VB4272,214.9559021,216.9559021,0.94,1,3.93000007
VB4272,216.9559021,218.9559021,1.10000002,1.10000002,3.8499999
VB4272,218.9559021,220.9559021,0.94,1,3.8499999
VB4272,220.9559021,222.9559021,1.07000005,1.10000002,3.96000004
VB4272,222.9559021,224.9559021,0.94,1,3.8499999
VB4272,224.9559021,237.4559021,-,-,3.25999999
VB4272,237.4559021,247.65589905,-,-,3.25999999
VB4280,96.52160645,167.92160034,-,-,2.88000011
VB4280,192.02160645,194.52160645,3.5,2.5999999,3.06999993
VB4280,194.52160645,196.52160645,2.30999994,1.89999998,2.79999995
VB4280,196.52160645,198.52160645,2.17000008,1.79999995,2.74000001
VB4280,198.52160645,200.52160645,1.25999999,1.20000005,-
VB4280,200.52160645,202.52160645,1.47000003,1.29999995,-
VB4280,202.52160645,204.52160645,1.12,1.10000002,-
VB4280,206.52160645,208.52160645,0.34999999,0.5,-
VB4280,208.52160645,210.52160645,1.25999999,1.20000005,-
VB4280,210.52160645,212.52160645,1.96000004,1.79999995,4.48999977
VB4280,212.52160645,214.52160645,1.96000004,1.79999995,4.51000023
VB4280,214.52160645,216.52160645,3.71000004,3.29999995,4.67000008
VB4280,218.52160645,220.52160645,0.03,-,-
VB4280,222.52160645,224.52160645,0.49000001,0.60000002,3.0999999
VB4280,224.52160645,226.52160645,0.76999998,0.89999998,3.73000002
VB4280,226.52160645,228.02160645,0.88,1,3.95000005
VB4280,234.92160034,240.32159424,-,-,3.27999997
VB4281,159.71560669,220.01559448,-,-,2.88000011
VB4281,235.81559753,236.71560669,6.23000002,3.9000001,3.49000001
VB4281,236.71560669,238.71560669,11.89999962,7.30000019,3.81999993
VB4281,238.71560669,240.71560669,1.67999995,1.29999995,-
VB4281,240.71560669,242.71560669,2.17000008,1.60000002,-
VB4281,242.71560669,244.71560669,0.98000002,0.89999998,-
VB4281,244.71560669,246.71560669,0.20999999,0.40000001,-
VB4281,246.71560669,248.71560669,0.49000001,0.60000002,-
VB4281,248.71560669,250.71560669,0.34999999,0.5,-
VB4281,250.71560669,252.71560669,0.56,0.60000002,-
VB4281,252.71560669,254.71560669,1.47000003,1.29999995,-
VB4281,254.71560669,256.71560669,0.09,-,-
VB4281,256.71560669,258.71560669,0.14,-,-
VB4281,260.71560669,262.71560669,0.51999998,0.60000002,3.0999999
VB4281,262.71560669,264.71560669,0.44999999,0.60000002,3.0999999
VB4281,264.71560669,266.71560669,1.08000004,1.10000002,4.13999987
VB4281,266.71560669,268.71560669,1.27999997,1.20000005,4.25
VB4281,268.71560669,270.71560669,1.04999995,1.10000002,4.13999987
VB4281,270.71560669,272.71560669,1.63999999,1.60000002,4.48999977
VB4281,272.71560669,274.71560669,0.75,0.80000001,3.56999993
VB4281,274.71560669,276.71560669,0.49000001,0.60000002,3.13000011
VB4281,276.71560669,278.71560669,0.98000002,1,3.95000005
VB4281,278.71560669,280.71560669,0.50999999,0.60000002,3.13000011
VB4281,280.71560669,282.71560669,0.66000003,0.80000001,3.56999993
VB4281,282.71560669,284.71560669,0.74000001,0.80000001,3.57999992
VB4281,286.71560669,289.21560669,0.70999998,0.80000001,3.57999992
VB4281,292.81561279,301.21560669,-,-,3.27999997
VB4282,138.61540222,201.15539551,-,-,2.9000001
VB4282,201.15539551,202.11540222,0.83999997,0.69999999,3.81999993
VB4282,202.11540222,204.11540222,-,-,2.9000001
VB4282,204.11540222,204.47540283,0.69999999,0.69999999,3.81999993
VB4282,204.47540283,206.11540222,0.69999999,0.69999999,-
VB4282,206.11540222,208.11540222,1.12,0.89999998,-
VB4282,208.11540222,210.11540222,1.12,0.89999998,-
VB4282,210.11540222,212.11540222,0.63,0.60000002,-
VB4282,212.11540222,214.11540222,1.12,0.89999998,-
VB4282,214.11540222,216.11540222,1.88999999,1.39999998,-
VB4282,216.11540222,218.11540222,0.91000003,0.80000001,-
VB4282,218.11540222,220.11540222,0.28999999,0.5,-
VB4282,220.11540222,220.47540283,0.16,0.40000001,-
VB4282,220.47540283,222.11540222,0.16,0.40000001,2.8599999
VB4282,222.11540222,224.11540222,0.14,0.40000001,2.86999989
VB4282,224.11540222,226.11540222,0.28,0.5,2.98000002
VB4282,226.11540222,228.11540222,0.17,0.40000001,2.88000011
VB4282,228.11540222,230.11540222,0.64999998,0.69999999,3.29999995
VB4282,230.11540222,232.11540222,1.13999999,1,3.95000005
VB4282,232.11540222,234.11540222,-,0.89999998,3.75999999
VB4282,234.11540222,236.11540222,0.60000002,0.69999999,3.29999995
VB4282,236.11540222,238.11540222,0.81,0.80000001,3.57999992
VB4282,238.11540222,240.11540222,0.76999998,0.80000001,3.57999992
VB4282,240.11540222,241.61540222,0.79000002,0.80000001,3.57999992
VB4282,241.61540222,243.41540527,-,-,3.27999997
VB4282,243.41540527,243.77540588,-,-,3.27999997
VB4282,243.77540588,256.57540894,-,-,3.28999996
VB4283,108.23470306,174.03469849,-,-,2.91000009
VB4283,174.03469849,174.73469543,2.86999989,1.70000005,-
VB4283,174.73469543,176.73469543,2.02999997,1.29999995,-
VB4283,176.73469543,178.73469543,1.82000005,1.29999995,-
VB4283,178.73469543,180.73469543,1.25999999,1,-
VB4283,180.73469543,182.73469543,1.25999999,1,-
VB4283,182.73469543,184.73469543,0.63,0.69999999,-
VB4283,184.73469543,186.73469543,0.34999999,0.5,-
VB4283,186.73469543,188.73469543,0.63,0.69999999,-
VB4283,188.73469543,190.73469543,2.73000002,1.89999998,2.80999994
VB4283,192.73469543,194.73469543,0.12,0.40000001,2.8900001
VB4283,194.73469543,196.73469543,0.14,0.40000001,2.8900001
VB4283,196.73469543,198.73469543,0.47,0.60000002,3.1400001
VB4283,198.73469543,200.73469543,0.79000002,0.80000001,3.61999989
VB4283,200.73469543,202.73469543,0.93000001,0.89999998,3.77999997
VB4283,202.73469543,204.73469543,1.24000001,1.10000002,4.15999985
VB4283,204.73469543,206.73469543,1.22000003,1.10000002,4.15999985
VB4283,206.73469543,208.73469543,1.23000002,1.10000002,4.15999985
VB4283,208.73469543,210.73469543,0.25,0.40000001,2.8900001
VB4283,210.73469543,212.73469543,0.93000001,0.89999998,3.79999995
VB4283,212.73469543,214.43469238,0.07,-,3.28999996
VB4283,214.43469238,223.13470459,-,-,3.29999995
VB4285,143.50019836,226.80020142,-,-,2.91000009
VB4285,226.80020142,228.50019836,2.0999999,1.60000002,4.32000017
VB4285,228.50019836,230.50019836,1.82000005,1.39999998,4.25
VB4285,230.50019836,232.50019836,-,-,2.93000007
VB4285,232.50019836,234.50019836,-,-,3.01999998
VB4285,234.50019836,236.50019836,0.34999999,0.5,3.81999993
VB4285,236.50019836,236.80020142,0.28,0.40000001,3.74000001
VB4285,236.80020142,238.50019836,0.28,0.40000001,-
VB4285,238.50019836,240.50019836,0.14,-,-
VB4285,240.50019836,242.50019836,0.28,0.40000001,-
VB4285,242.50019836,244.50019836,0.14,-,-
VB4285,244.50019836,246.50019836,3.71000004,3,3.18000007
VB4285,246.50019836,248.50019836,0.56,0.69999999,3.29999995
VB4285,248.50019836,250.50019836,0.14,-,2.17000008
VB4285,250.50019836,252.50019836,0.28,0.40000001,2.9000001
VB4285,252.50019836,254.50019836,0.98000002,1,3.95000005
VB4285,254.50019836,256.50021362,0.63,0.69999999,3.30999994
VB4285,256.50021362,258.50021362,0.56,0.69999999,3.30999994
VB4285,258.50021362,260.50021362,1.96000004,1.89999998,4.53999996
VB4285,260.50021362,262.50021362,2.17000008,2.0999999,4.55999994
VB4285,262.50021362,264.50021362,0.62,0.69999999,3.30999994
VB4285,264.50021362,266.50021362,1.51999998,1.5,4.42000008
VB4285,266.50021362,268.50021362,0.17,-,2.18000007
VB4285,268.50021362,270.50021362,0.2,0.40000001,2.9000001
VB4285,270.50021362,272.50021362,0.37,0.5,2.99000001
VB4285,272.50021362,274.50021362,1.12,1.20000005,4.25
VB4285,274.50021362,276.50021362,1.07000005,1.20000005,4.25
VB4285,276.50021362,278.50021362,0.52999997,0.69999999,3.3499999
VB4285,278.50021362,280.50021362,0.81,1,3.95000005
VB4285,280.50021362,282.50021362,0,0.60000002,3.74000001
VB4285,282.50021362,284.50021362,-,-,3.29999995
VB4285,284.50021362,286.50021362,-,-,3.29999995
VB4285,286.50021362,288.00021362,-,-,3.29999995
VB4286,107.79759979,171.99760437,-,-,3.07999992
VB4286,171.99760437,174.29760742,6.57999992,3.4000001,3.3900001
VB4286,174.29760742,176.29760742,6.30000019,3.4000001,3.41000009
VB4286,176.29760742,178.29760742,1.53999996,1.10000002,-
VB4286,178.29760742,180.29760742,1.88999999,1.29999995,-
VB4286,180.29760742,182.29760742,2.66000009,1.70000005,-
VB4286,182.29760742,184.29760742,1.04999995,0.89999998,-
VB4286,184.29760742,186.29760742,0.69999999,0.69999999,-
VB4286,186.29760742,188.29760742,0.83999997,0.80000001,-
VB4286,188.29760742,190.29760742,0.49000001,0.60000002,-
VB4286,190.29760742,192.29760742,0.41999999,0.5,-
VB4286,192.29760742,194.29760742,0.28,0.5,-
VB4286,194.29760742,196.29760742,0.83999997,0.80000001,-
VB4286,196.29760742,198.29760742,1.88999999,1.5,-
VB4286,198.29760742,200.29760742,1.75,1.39999998,-
VB4286,200.29760742,202.29760742,2.94000006,2.20000005,2.94000006
VB4286,202.29760742,204.29760742,1.39999998,1.20000005,-
VB4286,204.29760742,206.29760742,2.86999989,2.29999995,2.98000002
VB4286,206.29760742,208.29760742,7.48999977,5.5999999,3.77999997
VB4286,208.29760742,210.29760742,0.33000001,0.5,2.99000001
VB4286,210.29760742,212.29760742,0.82999998,0.80000001,3.61999989
VB4286,212.29760742,214.29760742,1.38999999,1.29999995,4.32999992
VB4286,214.29760742,216.29760742,1.13,1.10000002,4.17000008
VB4286,216.29760742,218.29760742,1.46000004,1.39999998,4.36000013
VB4286,218.29760742,220.29760742,1.14999998,1.10000002,4.17000008
VB4286,220.29760742,222.29760742,1.39999998,1.39999998,4.36999989
VB4286,222.29760742,224.29760742,1.27999997,1.29999995,4.32999992
VB4286,224.29760742,226.29760742,0.83999997,0.89999998,3.81999993
VB4286,226.29760742,228.49760437,1.35000002,1.39999998,4.36999989
VB4286,228.49760437,235.89759827,-,-,3.30999994
VB4287,96.31549072,199.21549988,-,-,3.07999992
VB4287,199.21549988,199.41549683,-,-,3.07999992
VB4287,199.41549683,200.31550598,3.3599999,2.70000005,3.08999991
VB4287,200.31550598,202.31550598,1.12,1.10000002,-
VB4287,202.31550598,204.31550598,5.88000011,4.69999981,3.67000008
VB4287,204.31550598,206.31550598,4.34000015,3.5999999,3.45000005
VB4287,206.31550598,208.31550598,0.49000001,0.60000002,-
VB4287,208.31550598,210.31550598,1.82000005,1.70000005,-
VB4287,210.31550598,212.31550598,0.34999999,0.5,2.99000001
VB4287,212.31550598,214.31550598,2.17000008,2,4.55000019
VB4287,214.31550598,216.31550598,1.04999995,1.10000002,4.17000008
VB4287,216.31550598,218.31550598,1.04999995,1.10000002,4.17999983
VB4287,218.31550598,220.31550598,0.56,0.69999999,3.3499999
VB4287,220.31550598,222.31550598,0.69999999,0.80000001,3.61999989
VB4287,222.31550598,224.31550598,0.91000003,1,3.96000004
VB4287,224.31550598,226.31550598,1.82000005,1.79999995,4.51000023
VB4287,226.31550598,228.31550598,0.76999998,0.89999998,3.81999993
VB4287,228.31550598,230.31550598,0.41999999,0.60000002,3.1400001
VB4287,230.31550598,232.31550598,0.69999999,0.80000001,3.61999989
VB4287,232.31550598,234.31550598,1.39999998,1.5,4.05999994
VB4287,234.31550598,236.31550598,1.39999998,1.5,4.07000017
VB4287,236.31550598,238.31550598,3.56999993,3.70000005,4.53999996
VB4287,238.31550598,240.31550598,-,-,3.30999994
VB4287,240.31550598,242.31550598,-,-,3.31999993
VB4287,242.31550598,244.31550598,-,-,3.3599999
VB4287,244.31550598,246.31550598,-,-,3.3900001
VB4287,246.31550598,248.31550598,-,-,3.4000001
VB4287,248.31550598,250.31550598,-,-,3.4000001
VB4287,250.31550598,252.31550598,-,-,3.42000008
VB4287,252.31550598,254.31550598,-,-,3.44000006
VB4287,254.31550598,256.31549072,-,-,3.44000006
VB4287,256.31549072,258.01550293,-,-,3.45000005
VB4288,153.84159851,233.94160461,-,-,3.08999991
VB4288,233.94160461,235.84159851,4.76000023,3.0999999,3.23000002
VB4288,235.84159851,237.84159851,1.47000003,1.20000005,-
VB4288,237.84159851,239.84159851,1.19000006,1,-
VB4288,239.84159851,241.84159851,2.58999991,1.89999998,2.83999991
VB4288,241.84159851,243.84159851,1.12,1,-
VB4288,243.84159851,245.84159851,1.19000006,1.10000002,-
VB4288,245.84159851,247.84159851,0.69999999,0.69999999,-
VB4288,247.84159851,249.84159851,0.69999999,0.69999999,-
VB4288,249.84159851,251.84159851,1.39999998,1.20000005,-
VB4288,251.84159851,253.84159851,2.30999994,1.89999998,2.8499999
VB4288,253.84159851,255.84159851,1.04999995,1,-
VB4288,255.84159851,257.84161377,1.19000006,1.10000002,-
VB4288,257.84161377,259.84161377,0.14,-,-
VB4288,259.84161377,261.84161377,0.76999998,0.80000001,-
VB4288,261.84161377,263.84161377,1.88999999,1.70000005,-
VB4288,263.84161377,265.84161377,2.94000006,2.5999999,3.08999991
VB4288,265.84161377,267.84161377,1.47000003,1.39999998,4.38000011
VB4288,267.84161377,269.84161377,-,-,2.18000007
VB4288,269.84161377,271.84161377,-,-,2.5999999
VB4288,271.84161377,273.84161377,0.30000001,0.5,3.01999998
VB4288,273.84161377,275.84161377,0.79000002,0.89999998,3.81999993
VB4288,275.84161377,276.84161377,0.94999999,1,3.96000004
VB4288,276.84161377,278.84161377,-,-,2.6099999
VB4288,278.84161377,279.84161377,1.80999994,1.79999995,4.51999998
VB4288,279.84161377,281.84161377,1.33000004,1.39999998,4.38000011
VB4288,281.84161377,283.84161377,0.79000002,0.89999998,3.81999993
VB4288,283.84161377,285.64160156,0.67000002,0.80000001,3.74000001
VB4289,125.60910034,200.50909424,-,-,3.08999991
VB4289,200.50909424,203.10910034,3.3599999,2.20000005,2.96000004
VB4289,203.10910034,205.10910034,4.96999979,3.0999999,3.25
VB4289,205.10910034,207.10910034,0.98000002,0.89999998,-
VB4289,207.10910034,209.10910034,0.91000003,0.80000001,-
VB4289,209.10910034,211.10910034,0.76999998,0.80000001,-
VB4289,211.10910034,213.10910034,0.91000003,0.80000001,-
VB4289,213.10910034,215.10910034,0.41999999,0.5,-
VB4289,215.10910034,217.10910034,1.39999998,1.20000005,-
VB4289,217.10910034,219.10910034,1.82000005,1.5,-
VB4289,219.10910034,221.10910034,1.12,1,-
VB4289,221.10910034,223.10910034,1.19000006,1.10000002,-
VB4289,223.10910034,225.10910034,2.30999994,1.89999998,2.85800004
VB4289,225.10910034,227.10910034,3.5,2.79999995,3.1400001
VB4289,227.10910034,229.10910034,3.71000004,3,3.21000004
VB4289,229.10910034,229.80909729,0.17,0.40000001,-
VB4289,229.80909729,231.10910034,0.17,0.40000001,2.9000001
VB4289,231.10910034,233.10910034,0.52999997,0.60000002,3.1500001
VB4289,233.10910034,235.70910645,0.88999999,0.89999998,3.83999991
VB4289,235.70910645,238.10910034,-,-,3.45000005
VB4290,128.92869568,201.92869568,-,-,3.0999999
VB4290,201.92869568,202.92869568,-,-,3.0999999
VB4290,202.92869568,204.92869568,6.78999996,4,3.6099999
VB4290,204.92869568,206.92869568,5.38999987,3.29999995,3.32999992
VB4290,206.92869568,208.92869568,1.61000001,1.20000005,-
VB4290,208.92869568,210.92869568,5.25,3.4000001,3.41000009
VB4290,210.92869568,212.92869568,2.30999994,1.70000005,-
VB4290,212.92869568,214.92869568,3.00999999,2.0999999,2.8900001
VB4290,214.92869568,216.92869568,3.07999992,2.20000005,2.96000004
VB4290,216.92869568,218.92869568,0.76999998,0.80000001,-
VB4290,218.92869568,220.92869568,2.79999995,2.0999999,2.92000008
VB4290,220.92869568,222.92869568,0.69999999,0.69999999,-
VB4290,222.92869568,224.92869568,2.02999997,1.60000002,-
VB4290,226.92869568,228.92869568,0.34,0.5,-
VB4290,228.92869568,230.92869568,0.97000003,0.89999998,-
VB4290,230.92869568,232.92869568,0.97000003,1,3.99000001
VB4290,232.92869568,234.92869568,1.24000001,1.20000005,4.25
VB4290,234.92869568,236.92869568,1.41999996,1.29999995,4.3499999
VB4290,236.92869568,238.92869568,0.97000003,1,4.01000023
VB4290,238.92869568,240.92869568,1.01999998,1,4.01000023
VB4290,240.92869568,245.22869873,-,-,2.63000011
VB4290,245.22869873,253.22869873,-,-,3.45000005
VB4291,113.7437973,181.94380188,-,-,3.0999999
VB4291,181.94380188,184.24380493,-,-,3.0999999
VB4291,184.24380493,186.24380493,-,-,3.1400001
VB4291,186.24380493,187.54379272,-,-,3.1400001
VB4291,187.54379272,188.74380493,-,-,3.1500001
VB4291,188.74380493,190.24380493,-,-,3.1500001
VB4291,190.24380493,192.24380493,-,-,3.21000004
VB4291,192.24380493,194.24380493,-,-,3.23000002
VB4291,194.24380493,196.24380493,-,-,3.24000001
VB4291,196.24380493,198.24380493,-,-,3.25
VB4291,198.24380493,200.24380493,-,-,3.28999996
VB4291,200.24380493,202.24380493,-,-,3.30999994
VB4291,202.24380493,204.24380493,-,-,3.30999994
VB4291,204.24380493,206.24380493,-,-,3.30999994
VB4291,206.24380493,208.24380493,-,-,3.3499999
VB4291,208.24380493,210.24380493,1.25999999,1.10000002,-
VB4291,210.24380493,212.24380493,1.61000001,1.39999998,-
VB4291,212.24380493,214.24380493,3.07999992,2.4000001,3.02999997
VB4291,214.24380493,216.24380493,10.98999977,8.19999981,3.82999992
VB4291,216.24380493,218.24380493,17.29000092,13.10000038,3.8900001
VB4291,218.24380493,220.24380493,29.95999908,22.89999962,4.32999992
VB4291,220.24380493,222.24380493,26.87999916,21,4.21000004
VB4291,222.24380493,224.24380493,0.67000002,0.69999999,3.3900001
VB4291,224.24380493,226.24380493,0.47,0.60000002,3.1500001
VB4291,226.24380493,228.24380493,0.58999997,0.69999999,3.3900001
VB4291,228.24380493,230.24380493,0.56,0.69999999,3.41000009
VB4291,230.24380493,232.24380493,0.75999999,0.80000001,3.6500001
VB4291,232.24380493,234.24380493,0.08,-,2.6500001
VB4291,234.24380493,236.24380493,0.47999999,0.60000002,3.16000009
VB4291,236.24380493,238.24380493,0.38,0.5,3.01999998
VB4291,238.24380493,240.24380493,-,-,2.73000002
VB4291,240.24380493,242.24380493,-,-,2.74000001
VB4291,242.24380493,244.24380493,-,-,3.48000002
VB4291,244.24380493,246.24380493,0.09,-,3.48000002
VB4291,246.24380493,248.74380493,-,-,3.48000002
VB4291,248.74380493,261.04379272,-,-,3.48000002
VB4291,261.04379272,262.74380493,-,-,3.5
VB4291,262.74380493,263.24380493,-,-,3.5
VB4291,263.24380493,267.44378662,-,-,3.50999999
VB4292,146.31410217,250.11410522,-,-,3.3499999
VB4292,250.11410522,251.11410522,5.5999999,4.4000001,4.40999985
VB4292,251.11410522,253.11410522,2.45000005,2.0999999,2.92000008
VB4292,253.11410522,255.11410522,1.47000003,1.39999998,-
VB4292,255.11410522,257.11410522,2.17000008,1.89999998,2.8599999
VB4292,257.11410522,259.11410522,2.51999998,2.20000005,2.97000003
VB4292,259.11410522,261.11410522,0.83999997,0.89999998,-
VB4292,261.11410522,263.11410522,2.0999999,1.89999998,2.8599999
VB4292,263.11410522,265.11410522,0.76999998,0.80000001,-
VB4292,265.11410522,267.11410522,2.66000009,2.5,3.05999994
VB4292,267.11410522,269.11410522,2.24000001,2.0999999,2.93000007
VB4292,269.11410522,271.11410522,3.1500001,3,3.21000004
VB4292,271.11410522,273.11410522,1.67999995,1.70000005,4.48999977
VB4292,273.11410522,275.11410522,0.83999997,0.89999998,3.8499999
VB4292,275.11410522,277.11410522,1.33000004,1.39999998,4.38999987
VB4292,277.11410522,279.11410522,1.25999999,1.39999998,4.4000001
VB4292,279.11410522,281.11410522,1.61000001,1.70000005,4.48999977
VB4292,281.11410522,283.11410522,1.96000004,2.0999999,4.57000017
VB4292,283.11410522,285.11410522,2.0999999,2.20000005,4.59000015
VB4292,285.11410522,287.11410522,2.94000006,3.0999999,4.6500001
VB4292,287.11410522,289.11410522,2.17000008,2.29999995,4.61000013
VB4292,289.11410522,291.11410522,-,-,3.52999997
VB4292,291.11410522,293.11410522,-,-,3.54999995
VB4292,293.11410522,295.11410522,-,-,3.56999993
VB4292,295.11410522,297.11410522,-,-,3.56999993
VB4292,297.11410522,299.11410522,-,-,3.56999993
VB4292,299.11410522,301.11410522,-,-,3.61999989
VB4292,301.11410522,303.11410522,-,-,3.61999989
VB4292,303.11410522,305.11410522,-,-,3.67000008
VB4292,305.11410522,306.11410522,-,-,3.69000006
VB4292,306.11410522,308.11410522,-,-,3.72000003
VB4293,125.58319855,221.48320007,-,-,3.47000003
VB4293,221.48320007,222.78320313,4.96999979,3.70000005,3.45000005
VB4293,222.78320313,224.78320313,3.5,2.70000005,3.08999991
VB4293,224.78320313,226.78320313,2.86999989,2.29999995,3
VB4293,226.78320313,228.78320313,2.58999991,2.0999999,2.93000007
VB4293,228.78320313,230.78320313,4.40999985,3.5,3.45000005
VB4293,230.78320313,232.78320313,2.24000001,1.89999998,2.8599999
VB4293,232.78320313,234.78320313,0.91000003,0.89999998,-
VB4293,234.78320313,236.78320313,0.49000001,0.60000002,-
VB4293,236.78320313,238.78320313,1.39999998,1.29999995,-
VB4293,238.78320313,240.78320313,2.0999999,1.89999998,2.86999989
VB4293,240.78320313,242.78320313,1.19000006,1.20000005,-
VB4293,242.78320313,244.78320313,1.53999996,1.5,-
VB4293,244.78320313,246.78320313,1.39999998,1.39999998,-
VB4293,246.78320313,248.78320313,3.1500001,2.9000001,3.17000008
VB4293,248.78320313,250.78320313,2.86999989,2.70000005,3.13000011
VB4293,250.78320313,252.78320313,2.02999997,2,4.55999994
VB4293,252.78320313,254.78320313,0.05,-,2.74000001
VB4293,254.78320313,256.78320313,0.03,-,2.75
VB4293,256.78320313,258.78320313,-,-,2.75999999
VB4293,258.78320313,260.78320313,0.47,0.60000002,3.16000009
VB4293,260.78320313,262.78320313,0.44999999,0.60000002,3.21000004
VB4293,262.78320313,265.28320313,0.34,0.5,3.01999998
VB4293,265.28320313,277.68319702,-,-,3.72000003
VB4294,112.52670288,199.02670288,-,-,3.72000003
VB4294,199.02670288,200.02670288,5.73999977,3.79999995,4.38000011
VB4294,200.02670288,202.02670288,9.72999954,6.4000001,4.65999985
VB4294,202.02670288,204.02670288,1.12,1,-
VB4294,204.02670288,206.02670288,1.61000001,1.29999995,-
VB4294,206.02670288,208.02670288,1.75,1.39999998,-
VB4294,208.02670288,210.02670288,4.34000015,3.20000005,3.28999996
VB4294,210.02670288,212.02670288,2.24000001,1.79999995,2.79999995
VB4294,212.02670288,214.02670288,1.25999999,1.10000002,-
VB4294,214.02670288,216.02670288,4.05999994,3.20000005,3.30999994
VB4294,216.02670288,218.02670288,0.34999999,0.5,3.05999994
VB4294,218.02670288,220.02670288,-,-,2.76999998
VB4294,220.02670288,222.02670288,0.70999998,0.80000001,3.67000008
VB4294,222.02670288,224.02670288,1.35000002,1.29999995,4.3499999
VB4294,224.02670288,226.02670288,1.20000005,1.20000005,4.25
VB4294,226.02670288,228.02670288,1.15999997,1.20000005,4.25
VB4294,228.02670288,230.02670288,0.25999999,0.40000001,3.74000001
VB4294,230.02670288,231.52670288,-,-,3.72000003
VB4294,231.52670288,235.62669373,-,-,3.74000001
VB4295,100.40570068,184.00570679,-,-,3.74000001
VB4295,184.00570679,185.80569458,1.04999995,0.89999998,3.81999993
VB4295,185.80569458,187.80569458,1.12,1,-
VB4295,187.80569458,189.80569458,1.61000001,1.29999995,-
VB4295,189.80569458,191.80569458,1.75,1.39999998,-
VB4295,191.80569458,193.80569458,1.75,1.39999998,-
VB4295,193.80569458,195.80569458,2.0999999,1.70000005,-
VB4295,195.80569458,197.80569458,1.25999999,1.10000002,-
VB4295,197.80569458,199.80569458,1.19000006,1.10000002,-
VB4295,199.80569458,201.80569458,1.82000005,1.5,4.44999981
VB4295,201.80569458,203.80569458,2.17000008,1.79999995,4.53000021
VB4295,203.80569458,205.80569458,2.73000002,2.29999995,4.61999989
VB4295,205.80569458,207.80569458,0.27000001,0.40000001,2.97000003
VB4295,207.80569458,209.30569458,1.02999997,1,4.03000021
VB4295,209.30569458,210.60569763,-,-,3.74000001
VB4295,210.60569763,212.30569458,0.61000001,0.69999999,3.74000001
VB4295,212.30569458,228.80569458,-,-,3.74000001
