NLITH,CLASS,PUSHBACK,TOTAL_TA,BENCH,COGSTEP,VOLUME,TONNES,DENSITY,AU,CU
1,0,1,1,40,0,33120.84,86776.6,2.62,0,0
1,0,1,1,60,0,296252.03,776180.19,2.62,0,0
1,0,1,1,80,0,607486.88,1591616,2.620001,0,0
1,0,1,1,100,0,1099122.75,2879701.25,2.62,0,0
1,0,1,1,120,0,1393970.12,3652202.5,2.620001,0,0
1,0,1,1,140,0,1246706.25,3266370.5,2.62,0,0
1,0,1,1,160,0,618871.31,1621442.62,2.62,0,0
1,0,2,1,160,0,479456.91,1256176.75,2.619999,0,0
1,0,2,1,180,0,194019.59,508331.19,2.619999,0,0
1,0,2,2,40,0,271728.56,711928.75,2.62,0,0
1,0,2,2,60,0,367719.84,963426,2.62,0,0
1,0,2,2,80,0,448000,1173760,2.62,0,0
1,0,2,2,100,0,368000,964160,2.62,0,0
1,0,2,2,120,0,447593.47,1172694.75,2.62,0,0
1,0,2,2,140,0,457546.41,1198771.62,2.62,0,0
1,0,2,3,20,0,40084.62,105021.71,2.62,0,0
1,0,3,2,100,0,320000,838400,2.62,0,0
1,0,3,2,120,0,360000,943200,2.62,0,0
1,0,3,2,140,0,325617.03,853116.69,2.62,0,0
1,0,3,2,160,0,324526.53,850259.44,2.62,0,0
1,0,3,2,180,0,184135.31,482434.53,2.62,0,0
1,0,3,3,20,0,101585.08,266152.91,2.62,0,0
1,0,3,3,40,0,240000,628800,2.62,0,0
1,0,3,3,60,0,256000,670720,2.62,0,0
1,0,3,3,80,0,304000,796480,2.62,0,0
1,0,3,5,0,0,2327.507,6098.068,2.62,0,0
1,0,4,2,200,0,223279.25,584991.44,2.619999,0,0
1,0,4,2,220,0,24378.37,63871.32,2.62,0,0
1,0,4,3,120,0,680000,1781600,2.62,0,0
1,0,4,3,140,0,741895.06,1943765.12,2.62,0,0
1,0,4,3,160,0,916439.31,2401070.5,2.619999,0,0
1,0,4,3,180,0,781555.19,2047674.75,2.62,0,0
1,0,4,4,0,0,57948.39,151824.75,2.62,0,0
1,0,4,4,20,0,320419.66,839499.38,2.62,0,0
1,0,4,4,40,0,408000,1068960,2.62,0,0
1,0,4,4,60,0,472000,1236640,2.62,0,0
1,0,4,4,80,0,536000,1404320,2.62,0,0
1,0,4,4,100,0,608000,1592960,2.62,0,0
1,0,5,4,180,0,835228.56,2188298.5,2.62,0,0
1,0,5,4,200,0,620437.81,1625546.62,2.619999,0,0
1,0,5,4,220,0,67571.77,177038.05,2.62,0,0
1,0,5,5,100,0,808000,2116960,2.62,0,0
1,0,5,5,120,0,864000,2263680,2.62,0,0
1,0,5,5,140,0,1047608.81,2744735.25,2.62,0,0
1,0,5,5,160,0,950872.12,2491285.5,2.620001,0,0
1,0,5,6,-20,0,6145.028,16099.97,2.62,0,0
1,0,5,6,0,0,260087.52,681429.25,2.62,0,0
1,0,5,6,20,0,417117.31,1092847.5,2.62,0,0
1,0,5,6,40,0,488000,1278560,2.62,0,0
1,0,5,6,60,0,592000,1551040,2.62,0,0
1,0,5,6,80,0,640000,1676800,2.62,0,0
1,0,6,6,160,0,525483.94,1376767.88,2.62,0,0
1,0,6,6,180,0,471725.41,1235920.5,2.62,0,0
1,0,6,6,200,0,379926.41,995407.12,2.62,0,0
1,0,6,6,220,0,106852.38,279953.19,2.62,0,0
1,0,6,7,20,0,366803.62,961025.5,2.62,0,0
1,0,6,7,40,0,470903.84,1233767.88,2.62,0,0
1,0,6,7,60,0,568000,1488160,2.62,0,0
1,0,6,7,80,0,616000,1613920,2.62,0,0
1,0,6,7,100,0,616000,1613920,2.62,0,0
1,0,6,7,120,0,648000,1697760,2.62,0,0
1,0,6,7,140,0,552099,1446499.25,2.62,0,0
1,0,6,8,0,0,182678.23,478616.94,2.62,0,0
1,0,6,9,-20,0,50349.66,131916.09,2.62,0,0
1,0,7,8,140,0,688049.75,1802690,2.619999,0,0
1,0,7,8,160,0,643952.25,1687155.12,2.62,0,0
1,0,7,8,180,0,596633.81,1563180.5,2.62,0,0
1,0,7,8,200,0,302608.31,792833.81,2.62,0,0
1,0,7,8,220,0,79277.1,207706.02,2.62,0,0
1,0,7,9,80,0,608000,1592960,2.62,0,0
1,0,7,9,100,0,648000,1697760,2.62,0,0
1,0,7,9,120,0,712000,1865440,2.62,0,0
1,0,7,10,-20,0,197233.66,516752.25,2.62,0,0
1,0,7,10,0,0,339635.88,889846.12,2.62,0,0
1,0,7,10,20,0,453467.72,1188085.5,2.62,0,0
1,0,7,10,40,0,528000,1383360,2.62,0,0
1,0,7,10,60,0,552000,1446240,2.62,0,0
1,0,7,11,-40,0,11672.74,30582.58,2.62,0,0
1,0,8,11,-40,0,4774.736,12509.81,2.62,0,0
1,0,8,11,-20,0,47821.47,125292.25,2.62,0,0
1,0,8,11,0,0,149868.19,392654.69,2.62,0,0
1,0,8,11,20,0,204815.88,536617.62,2.62,0,0
1,0,8,11,40,0,271741,711961.38,2.62,0,0
1,0,8,11,60,0,278703.25,730202.44,2.62,0,0
1,0,8,11,80,0,258018.5,676008.5,2.62,0,0
1,0,8,11,100,0,249825.31,654542.31,2.62,0,0
1,0,8,11,120,0,216513.84,567266.25,2.62,0,0
1,0,8,11,140,0,207999.92,544959.81,2.62,0,0
1,0,8,11,160,0,223999.88,586879.62,2.62,0,0
1,0,8,11,180,0,212358.17,556378.38,2.62,0,0
1,0,8,11,200,0,188034.08,492649.34,2.62,0,0
1,0,8,11,220,0,70097.58,183655.64,2.62,0,0
1,0,8,11,240,0,216.0156,565.9609,2.62,0,0
2,1,1,1,40,1,884.6069,2804.995,3.170894,1.048258,0.969999
2,1,1,1,40,1.1,630.4199,1814.158,2.877698,1.161452,1.068155
2,1,1,1,40,1.2,3015.788,8870.185,2.941249,1.262962,1.124242
2,1,1,1,40,1.3,1130.046,3247.314,2.873612,1.398328,1.244344
2,1,1,1,40,1.4,2609.862,7567.971,2.899759,1.456859,1.291433
2,1,1,1,40,1.5,3125.932,9571.582,3.061993,1.562786,1.306803
2,1,1,1,40,1.6,1497.015,4382.513,2.9275,1.680665,1.412412
2,1,1,1,40,1.7,4556.741,13420.97,2.945301,1.748678,1.463166
2,1,1,1,40,1.8,10379.44,31493.83,3.034252,1.85367,1.53512
2,1,1,1,40,1.9,4192.079,13020.84,3.106057,1.918516,1.567729
2,1,1,1,40,2,3844.247,12098.7,3.147221,2.026256,1.596723
2,1,1,1,40,2.1,4682.933,14940.08,3.190326,2.144905,1.69176
2,1,1,1,40,2.2,6856.926,21891.61,3.192627,2.256665,1.89835
2,1,1,1,40,2.3,9080.477,29641.77,3.264341,2.353419,1.937811
2,1,1,1,40,2.4,8476.419,27296.39,3.220274,2.444498,1.896166
2,1,1,1,40,2.5,3631.009,11529.77,3.175362,2.532717,1.966092
2,1,1,1,40,2.6,2050.914,6879.897,3.354552,2.639836,1.893488
2,1,1,1,40,2.7,1867.74,5977.747,3.200524,2.726512,1.96319
2,1,1,1,40,2.8,389.6149,1269.138,3.257418,2.878426,2.120135
2,1,1,1,40,2.9,363.4354,1224.962,3.370509,2.980917,2.182563
2,1,1,1,40,3,1823.248,5931.292,3.253145,3.043898,2.11163
2,1,1,1,40,3.2,407.782,1314.698,3.224022,3.298751,2.230535
2,1,1,1,40,3.3,389.8468,1304.119,3.345209,3.301426,2.264163
2,1,1,1,40,3.4,66.88538,231.9049,3.467199,3.480017,2.345292
2,1,1,1,40,3.7,510.5316,1745.875,3.419719,3.721071,2.503173
2,1,1,1,40,3.9,470.961,1633.666,3.468793,3.952478,2.617684
2,1,1,1,40,4.1,1848.982,6402.811,3.462884,4.151087,2.636302
2,1,1,1,40,4.2,91.3208,294.9997,3.230367,4.205197,2.695631
2,1,1,1,40,4.4,1377.121,4760.416,3.456788,4.457394,2.899664
2,1,1,1,40,4.5,283.2703,979.6035,3.458194,4.597962,2.983369
2,1,1,1,40,4.6,115.509,400.3409,3.465884,4.609834,2.996095
2,1,1,1,40,4.7,281.5903,973.955,3.458766,4.721237,3.057874
2,1,1,1,60,1.1,340.7104,1123.144,3.296476,1.145744,1.10421
2,1,1,1,60,1.3,856.5369,2468.495,2.881948,1.355524,1.183283
2,1,1,1,60,1.5,1242.258,3477.827,2.799602,1.569373,1.377421
2,1,1,1,60,1.7,464.3188,1545.861,3.32931,1.778417,1.526653
2,1,1,1,60,1.8,4067.308,12446.56,3.060146,1.861837,1.546384
2,1,1,1,60,1.9,7974.216,22979.22,2.88169,1.953073,1.616795
2,1,1,1,60,2,1285.048,3705.245,2.883352,2.002292,1.650688
2,1,1,1,60,2.1,1130.762,3385.75,2.994221,2.15059,1.661637
2,1,1,1,60,2.2,2314.026,7244.391,3.130644,2.256712,1.76059
2,1,1,1,60,2.3,1370.618,4410.144,3.217632,2.344827,1.808737
2,1,1,1,60,2.4,635.495,2103.691,3.310319,2.427734,2.085726
2,1,1,1,60,2.5,1999.075,6542.6,3.272813,2.545297,1.85175
2,1,1,1,60,2.6,1213.338,4072.918,3.356789,2.670481,1.928527
2,1,1,1,60,2.7,1966.501,6093.605,3.098705,2.756462,1.980561
2,1,1,1,60,2.8,1059.735,3389.941,3.198857,2.848159,2.037912
2,1,1,1,60,2.9,728.0121,2348.027,3.225258,2.97287,2.096694
2,1,1,1,60,3,2690.021,8689.686,3.230341,3.086309,2.150186
2,1,1,1,60,3.1,247.3953,795.872,3.217005,3.150679,2.192216
2,1,1,1,60,3.2,1644.037,5439.028,3.308337,3.270994,2.271313
2,1,1,1,60,3.4,784.7137,2633.083,3.355469,3.457941,2.402137
2,1,1,1,60,3.5,879.8004,2878.376,3.271624,3.54601,2.440509
2,1,1,1,60,3.6,896.6553,2903.373,3.238003,3.647214,2.219736
2,1,1,1,60,3.8,307.7393,987.2974,3.208227,3.80454,2.380477
2,1,1,1,60,4.1,758.6075,2610.731,3.441478,4.140679,2.713985
2,1,1,1,60,4.2,686.1694,2296.936,3.347477,4.260521,2.752025
2,1,1,1,60,4.3,1468.488,4919.238,3.349867,4.366692,2.750086
2,1,1,1,60,4.4,594.0384,2042.268,3.43794,4.441068,2.869405
2,1,1,1,60,4.5,812.384,2797.562,3.443645,4.537463,2.928595
2,1,1,1,60,4.6,9.513855,32.96436,3.464879,4.692008,3.043341
2,1,1,1,60,5.2,605.4352,2032.716,3.357446,5.297381,2.862277
2,1,1,1,80,2.7,305.217,1017.825,3.334759,2.796554,2.000849
2,1,1,1,80,3.2,1069.458,3550.054,3.319489,3.271086,2.271449
2,1,1,1,80,3.4,3847.512,12746.4,3.312895,3.457941,2.402137
2,1,1,1,80,3.5,109.9426,364.8639,3.318675,3.561021,2.438246
2,1,2,2,40,0.7,235.8948,835.887,3.543474,0.732139,0.705338
2,1,2,2,40,0.9,183.8257,622.6024,3.386917,0.927795,0.842607
2,1,2,2,40,1,497.3877,1758.414,3.535298,1.023104,0.88053
2,1,2,2,40,1.6,586.1725,1942.345,3.313607,1.618899,1.330492
2,1,2,2,40,1.8,6.170654,21.29079,3.45033,1.839102,1.3601
2,1,2,2,40,1.9,1119.818,3616.696,3.229717,1.908059,1.332259
2,1,2,2,40,2,1204.477,3953.682,3.282489,2.069412,1.511751
2,1,2,2,40,2.1,386.5479,1233.241,3.190397,2.118734,1.554035
2,1,2,2,40,2.2,151.9531,497.061,3.271147,2.215871,1.710422
2,1,2,2,40,2.3,1119.818,3684.387,3.290166,2.315065,1.724363
2,1,2,2,40,2.4,3567.711,11697.75,3.278782,2.455823,1.674738
2,1,2,2,40,2.5,1872.687,6264.295,3.345084,2.524264,1.732458
2,1,2,2,40,2.6,2099.683,6968.156,3.318671,2.626565,1.907742
2,1,2,2,40,2.7,2179.456,7098.124,3.256834,2.761172,1.918272
2,1,2,2,40,2.8,941.7709,3262.266,3.46397,2.851534,1.958846
2,1,2,2,40,2.9,1889.555,6240.275,3.30251,2.962749,2.016762
2,1,2,2,40,3,490.6921,1670.226,3.403817,3.054707,2.063754
2,1,2,2,40,3.1,125.4639,413.5396,3.296085,3.131674,1.954817
2,1,2,2,40,3.2,705.7785,2347.428,3.326013,3.225633,1.992472
2,1,2,2,40,3.4,452.9922,1523.538,3.363276,3.448728,2.077701
2,1,2,2,40,3.5,732.8308,2451.474,3.345212,3.546615,2.355218
2,1,2,2,40,3.6,1622.729,5385.773,3.318959,3.631562,2.201225
2,1,2,2,40,3.7,880.1804,2813.957,3.197023,3.753532,2.146994
2,1,2,2,40,3.8,18.05725,63.19115,3.499489,3.876254,2.571727
2,1,2,2,40,3.9,200.9476,687.6923,3.422247,3.917585,2.585458
2,1,2,2,40,4,918.1046,2999.885,3.267476,4.006964,2.657133
2,1,2,2,40,4.1,1914.36,6597.569,3.446357,4.153357,2.679567
2,1,2,2,40,4.4,617.6788,2156.185,3.490786,4.402698,2.665073
2,1,2,2,40,4.5,698.0408,2412.533,3.456149,4.53921,2.95313
2,1,2,2,40,4.6,1097.92,3899.816,3.552003,4.653028,3.035485
2,1,2,2,40,4.7,2158.479,7518.492,3.483236,4.753966,2.845073
2,1,2,2,40,4.9,3613.82,12446.93,3.444257,4.941015,3.116214
2,1,2,2,40,5,1879.552,6425.486,3.418627,5.047018,2.854465
2,1,2,2,40,5.1,797.0001,2733.563,3.429815,5.140026,3.22769
2,1,2,2,40,5.2,134.2728,464.6149,3.460232,5.233162,3.344447
2,1,2,2,40,5.3,214.0198,742.4064,3.468868,5.374887,3.445747
2,1,2,2,40,5.4,54.55017,195.2827,3.579873,5.427506,3.480079
2,1,2,2,40,5.8,270.0226,968.7609,3.587703,5.835723,3.716815
2,1,2,2,40,6,151.7929,545.0645,3.590843,6.027561,3.814795
2,1,2,2,60,5.5,280.1453,1004.477,3.585559,5.568224,2.968368
2,1,2,3,20,0.5,90.50293,287.1894,3.173261,0.546317,0.676425
2,1,2,3,20,0.6,505.7953,1594.528,3.152517,0.654571,0.729162
2,1,2,3,20,0.7,299.2523,1056.817,3.531526,0.775621,0.7559
2,1,2,3,20,0.8,3743.236,12913.49,3.44982,0.872571,0.83699
2,1,2,3,20,0.9,5764.501,19595.49,3.399339,0.962392,0.889488
2,1,2,3,20,1,5749.17,18409.95,3.202193,1.05879,0.982688
2,1,2,3,20,1.1,4107.659,14028.65,3.415242,1.15209,1.011389
2,1,2,3,20,1.2,1302.213,3898.678,2.993888,1.27398,1.171094
2,1,2,3,20,1.3,4266.098,13708.31,3.213314,1.349185,1.158842
2,1,2,3,20,1.4,425.0336,1329.135,3.12713,1.452331,1.258925
2,1,2,3,20,1.5,2868.394,9459.207,3.297737,1.552494,1.292583
2,1,2,3,20,1.6,2624.036,8533.348,3.251993,1.665658,1.346887
2,1,2,3,20,1.7,9178.928,30481.16,3.320776,1.749468,1.380009
2,1,2,3,20,1.8,3041.374,10362.24,3.407093,1.867985,1.441845
2,1,2,3,20,1.9,3733.495,12581.3,3.369844,1.968193,1.538527
2,1,2,3,20,2,3545.592,11737.23,3.310373,2.04665,1.605219
2,1,2,3,20,2.1,1699.037,5725.128,3.369631,2.154321,1.732006
2,1,2,3,20,2.2,4222.703,13938.76,3.300909,2.257836,1.710783
2,1,2,3,20,2.3,3365.225,11315.44,3.362461,2.343923,1.794528
2,1,2,3,20,2.4,1868.39,6297.841,3.370732,2.438723,1.724931
2,1,2,3,20,2.5,3805.004,12634.44,3.32048,2.553073,1.869444
2,1,2,3,20,2.6,1093.328,3708.494,3.391931,2.684141,1.871509
2,1,2,3,20,2.7,2132.967,7410.288,3.47417,2.7623,1.99292
2,1,2,3,20,2.8,1769.157,6359.443,3.594619,2.863815,1.976384
2,1,2,3,20,2.9,742.4301,2799.71,3.771009,2.983948,2.044721
2,1,2,3,20,3,187.9883,644.3147,3.427419,3.040081,2.19916
2,1,2,3,20,3.1,415.9988,1390.453,3.342446,3.142098,2.254225
2,1,2,3,20,3.2,1488.559,5144.877,3.45628,3.253945,2.195182
2,1,2,3,20,3.3,616.2323,2153.777,3.495073,3.37338,2.277313
2,1,2,3,20,3.4,1438.297,5306.542,3.689463,3.421092,2.33272
2,1,2,3,20,3.5,1586.276,5311.419,3.348357,3.56695,2.43254
2,1,2,3,20,3.6,201.4435,761.4564,3.78,3.616526,2.430699
2,1,2,3,20,3.7,1531.862,5308.491,3.465385,3.703837,2.464753
2,1,2,3,20,3.8,155.0659,545.52,3.517988,3.813319,2.548733
2,1,2,3,20,3.9,155.0659,538.8184,3.47477,3.987104,2.643755
2,1,2,3,20,4,1431.616,4966.457,3.469126,4.049401,2.67111
2,1,2,3,20,4.7,740.2954,2594.663,3.504902,4.764439,2.843703
2,1,2,3,20,4.9,214.7812,744.3281,3.465518,4.958206,3.20005
2,1,2,4,0,0.8,401.7975,1343.372,3.343406,0.872329,0.895935
2,1,2,4,0,1,192.2028,632.1214,3.288826,1.068787,1.005611
2,1,2,4,0,1.1,83.77304,277.4671,3.312129,1.136711,1.052584
2,1,3,3,20,0.7,894.7922,3513.492,3.926601,0.793899,0.771397
2,1,3,3,20,0.8,704.6028,2158.602,3.063572,0.830122,0.813466
2,1,3,3,20,0.9,722.7791,2498.252,3.456453,0.962974,0.871038
2,1,3,3,20,1,5253.589,18665.34,3.552874,1.040874,0.899248
2,1,3,3,20,1.1,1345.286,4863.106,3.614924,1.167668,0.994155
2,1,3,3,20,1.2,396.8681,1385.837,3.491933,1.255339,1.055971
2,1,3,3,20,1.3,663.0219,2423.062,3.654574,1.375432,1.122564
2,1,3,3,20,1.4,2132.065,7415.531,3.478098,1.458692,1.191812
2,1,3,3,20,1.5,613.8451,2142.319,3.49,1.58039,1.259278
2,1,3,3,20,1.6,1118.867,3721.975,3.326558,1.624218,1.246555
2,1,3,3,20,1.7,1858.076,6350.332,3.417693,1.736703,1.369711
2,1,3,3,20,1.8,983.316,3516.894,3.576566,1.829357,1.383394
2,1,3,3,20,1.9,3239.599,10758.14,3.320826,1.972768,1.628823
2,1,3,3,20,2,4600.308,16138.21,3.508071,2.054844,1.531894
2,1,3,3,20,2.1,9578.381,32380.89,3.380623,2.146184,1.689045
2,1,3,3,20,2.2,762.4817,2538.075,3.328703,2.24337,1.49909
2,1,3,3,20,2.3,2499.717,8679.56,3.472217,2.36784,1.886186
2,1,3,3,20,2.4,4811.941,16266.77,3.380501,2.474224,1.794428
2,1,3,3,20,2.5,1509.882,5068.699,3.357016,2.583246,1.884809
2,1,3,3,20,2.6,1219.88,3939.808,3.229669,2.613815,1.902431
2,1,3,3,20,2.7,3062.711,10593.42,3.458837,2.742235,1.977642
2,1,3,3,20,2.8,2058.728,6842.729,3.323765,2.839867,2.011058
2,1,3,3,20,2.9,1339.548,4499.995,3.359339,2.922314,2.044525
2,1,3,3,20,3,4403.406,15634.92,3.550642,3.043486,2.071893
2,1,3,3,20,3.1,1162.164,3949.385,3.398302,3.178273,2.174886
2,1,3,3,20,3.2,1676.252,5680.059,3.388547,3.248678,2.260793
2,1,3,3,20,3.3,1222.649,4243.557,3.47079,3.330485,2.298066
2,1,3,3,20,3.6,4617.915,15467.17,3.349383,3.630959,2.345344
2,1,3,3,20,3.7,96.25549,352.0395,3.657344,3.767455,2.506308
2,1,3,3,20,4,2178.252,7695.998,3.533108,4.050905,2.689142
2,1,3,3,20,4.1,1706.873,5840.691,3.421867,4.15049,2.667825
2,1,3,3,20,4.3,1877.476,6417.519,3.418163,4.335971,2.859318
2,1,3,3,20,4.4,1290.311,4590.995,3.558054,4.46971,2.913906
2,1,3,3,20,4.6,1151.523,3945.87,3.426654,4.666946,3.050054
2,1,3,3,20,4.8,1753.058,6316.017,3.602857,4.866984,3.144695
2,1,3,3,20,5.2,685.3912,2349.814,3.428428,5.223138,3.354295
2,1,3,3,20,5.6,1558.856,5253.746,3.370257,5.637925,3.375919
2,1,3,5,0,0.7,57.80411,204.5517,3.538706,0.794281,0.759686
2,1,3,5,0,0.8,3743.084,13216.14,3.530815,0.854776,0.840135
2,1,3,5,0,0.9,1697.33,6118.748,3.604926,0.943541,0.88701
2,1,3,5,0,1,1307.66,4736.423,3.622061,1.076951,0.941638
2,1,3,5,0,1.1,973.3276,3522.584,3.619114,1.171804,1.000577
2,1,3,5,0,1.2,605.7663,2114.124,3.49,1.277116,1.117711
2,1,3,5,0,1.3,72.70508,253.7407,3.49,1.350976,1.116167
2,1,3,5,0,1.4,536.5326,1872.499,3.49,1.415358,1.163736
2,1,3,5,0,1.5,3280.596,11463.67,3.494385,1.547384,1.277583
2,1,3,5,0,1.6,3598.658,12507.26,3.475536,1.649309,1.307144
2,1,3,5,0,1.7,2576.057,8820.065,3.423863,1.758951,1.403947
2,1,3,5,0,1.8,3856.538,13178.3,3.417132,1.860507,1.471759
2,1,3,5,0,1.9,807.3097,2543.885,3.151064,1.939691,1.600106
2,1,3,5,0,2,3493.056,12327.58,3.529168,2.053439,1.542065
2,1,3,5,0,2.1,3568.784,12488.25,3.4993,2.142592,1.619163
2,1,3,5,0,2.2,1161.851,3929.668,3.382247,2.242978,1.776616
2,1,3,5,0,2.3,1047.692,3637.246,3.471674,2.34517,1.719807
2,1,3,5,0,2.4,287.5259,1035.134,3.600141,2.473824,1.777021
2,1,3,5,0,2.5,1364.896,4994.837,3.659501,2.560457,1.930127
2,1,3,5,0,2.6,790.2634,2716.664,3.43767,2.690988,1.897336
2,1,3,5,0,2.7,2346.93,8416.877,3.586335,2.746757,1.917153
2,1,3,5,0,3.1,86.01151,294.6765,3.426013,3.119941,2.15845
2,1,3,5,0,3.2,286.9965,975.4468,3.398811,3.221347,2.317017
2,1,3,5,0,3.3,1291.758,4616.863,3.574093,3.315275,2.262148
2,1,3,5,0,3.4,28.07312,97.09827,3.458763,3.416458,2.330606
2,1,3,5,0,3.5,1090.222,3987.276,3.657306,3.527095,2.365795
2,1,3,5,0,3.7,507.3318,1728.646,3.407327,3.700666,2.50192
2,1,3,5,0,3.8,507.3318,1760.362,3.469843,3.844609,2.555978
2,1,4,4,0,0.8,1807.407,6354.54,3.515833,0.852616,0.847446
2,1,4,4,0,0.9,309.3475,1173.774,3.794353,0.91302,0.845859
2,1,4,4,0,1,1668.829,5985.236,3.586488,1.017636,0.921849
2,1,4,4,0,1.1,382.8453,1315.263,3.435494,1.13275,0.999898
2,1,4,4,0,1.2,5079.739,16891.78,3.325324,1.250372,1.141634
2,1,4,4,0,1.3,6106.082,20983.67,3.43652,1.327932,1.179803
2,1,4,4,0,1.4,7627.925,26886.11,3.524695,1.441816,1.242997
2,1,4,4,0,1.5,10250.86,33293.56,3.247879,1.549801,1.387179
2,1,4,4,0,1.6,5736.811,19590.31,3.414843,1.65502,1.381135
2,1,4,4,0,1.7,5286.578,18018.18,3.408287,1.752131,1.491034
2,1,4,4,0,1.8,7289.397,25436.45,3.489513,1.857252,1.622199
2,1,4,4,0,1.9,10716.33,36233.14,3.381114,1.953232,1.757343
2,1,4,4,0,2,7116.996,23644.99,3.322327,2.058517,1.710253
2,1,4,4,0,2.1,2380.121,8431.4,3.542425,2.166682,1.706679
2,1,4,4,0,2.2,3568.021,12370.1,3.466936,2.274379,1.911113
2,1,4,4,0,2.3,3297.407,11865.21,3.598344,2.351002,1.729896
2,1,4,4,0,2.4,3196.508,10662.69,3.335731,2.43807,1.847909
2,1,4,4,0,2.5,1552.657,5668.133,3.650601,2.549253,2.368153
2,1,4,4,0,2.6,666.0599,2446.648,3.673315,2.698201,2.031263
2,1,4,4,0,2.7,2780.422,9384.588,3.375238,2.754926,2.379752
2,1,4,4,0,2.8,1520.02,5187.745,3.412946,2.817469,2.494205
2,1,4,4,0,2.9,1537.452,5507.322,3.58211,2.956294,2.825209
2,1,4,4,0,3,1760.775,6305.027,3.580825,3.01867,3.103082
2,1,4,4,0,3.1,434.2407,1512.848,3.483892,3.119509,2.249983
2,1,4,4,0,3.2,803.4821,2903.018,3.613046,3.270169,3.326184
2,1,4,4,0,3.3,959.1629,3417.407,3.562906,3.362318,2.71385
2,1,4,4,0,3.4,563.4781,1941.062,3.444787,3.436763,2.51362
2,1,4,4,0,3.5,2081.429,6738.774,3.237571,3.579471,4.179971
2,1,4,4,0,3.7,2213.04,7398.312,3.343055,3.741001,4.216974
2,1,4,4,0,4,1014.315,3392.704,3.344823,4.00788,4.282993
2,1,4,4,0,4.3,1460.072,4854.752,3.325008,4.35509,4.809548
2,1,4,4,0,4.4,1022.095,3426.604,3.352528,4.445642,4.926235
2,1,4,4,0,4.7,1263.264,4203.187,3.327243,4.767293,5.159837
2,1,4,4,0,4.8,597.0947,2010.731,3.367525,4.846685,5.569993
2,1,4,4,0,5,1069.746,3439.094,3.214869,5.03383,5.270895
2,1,4,4,0,5.1,1418.926,4675.353,3.294993,5.138473,4.53864
2,1,4,4,0,5.2,258.5213,867.751,3.356594,5.239549,6.123884
2,1,4,4,0,5.3,258.5213,856.5164,3.313137,5.331313,6.017637
2,1,4,4,0,5.6,597.1215,2031.79,3.402641,5.615653,7.023346
2,1,4,4,0,5.7,643.676,2133.879,3.315145,5.744078,6.685259
2,1,4,4,0,5.8,258.5213,876.5996,3.390822,5.86767,6.723737
2,1,4,4,0,6,671.7308,2281.933,3.397095,6.028516,7.300413
2,1,4,4,0,6.4,365.8485,1256.172,3.433585,6.413421,7.822022
2,1,4,4,0,6.6,597.1215,2043.32,3.42195,6.628025,8.123194
2,1,4,4,20,0.9,1815.553,7140.179,3.932784,0.916619,0.8463
2,1,4,4,20,1,420.1714,1395.246,3.320659,1.011549,0.843366
2,1,4,4,20,1.1,1383.253,4737.407,3.424831,1.149621,0.98148
2,1,4,4,20,1.2,2116.009,7335.297,3.466572,1.282935,1.082041
2,1,4,4,20,1.4,1497.746,5547.523,3.703914,1.433447,1.240668
2,1,4,4,20,1.6,515.2466,1712.047,3.322773,1.631742,1.345415
2,1,4,4,20,1.7,1157.031,3859.103,3.335349,1.759507,1.396795
2,1,4,4,20,1.8,403.418,1332.858,3.303913,1.88236,1.504696
2,1,4,4,20,1.9,271.6499,899.4565,3.311087,1.931883,1.562787
2,1,4,4,20,2,395.1218,1317.811,3.335201,2.025536,1.611999
2,1,4,4,20,2.1,784.6497,2371.244,3.022042,2.158976,1.734153
2,1,4,4,20,2.2,563.2996,1698.33,3.014967,2.240782,1.724926
2,1,4,4,20,2.3,930.4718,2819.318,3.029988,2.378318,1.881308
2,1,4,4,20,2.4,851.873,2625.464,3.081989,2.456357,1.899507
2,1,4,4,20,2.5,504.0833,1620.027,3.213808,2.514084,1.889184
2,1,4,4,20,2.6,362.0056,1106.337,3.056131,2.682949,1.954115
2,1,4,4,20,2.7,242.0425,763.202,3.153173,2.723166,1.955454
2,1,4,4,20,2.8,353.8162,1247.373,3.525483,2.834439,2.141241
2,1,4,4,20,3.4,60.41794,213.014,3.525674,3.421319,2.567745
2,1,4,4,20,4,261.6119,833.724,3.186873,4.06658,4.007686
2,1,4,4,20,4.1,623.6176,1980.55,3.175905,4.138192,4.053722
2,1,4,4,20,4.3,67.25082,215.8946,3.210289,4.377685,4.662449
2,1,4,5,-20,0.9,440.3351,1542.958,3.504053,0.968575,1.116737
2,1,4,5,-20,1.2,56.64978,196.8468,3.474802,1.249411,1.366078
2,1,4,5,-20,1.3,53.0777,185.2412,3.49,1.339942,1.13903
2,1,4,5,-20,1.7,880.6702,3027.449,3.437665,1.742523,1.765756
2,1,4,5,-20,1.9,1475.026,4846.309,3.285575,1.959637,3.395576
2,1,4,5,-20,2,211.351,734.4254,3.474908,2.014417,1.931589
2,1,4,5,-20,2.2,211.351,743.2664,3.516739,2.217434,2.533341
2,1,4,5,-20,2.3,104.2389,366.8517,3.519336,2.372439,2.682959
2,1,4,5,-20,3.7,867.4789,3152.949,3.634612,3.729757,4.292346
2,1,4,5,-20,4,148.2407,471.6788,3.181845,4.000214,4.689505
2,1,4,5,-20,4.5,675.3967,2237.481,3.312839,4.551805,5.364966
2,1,4,5,-20,5.4,675.3967,2270.367,3.361531,5.46619,6.475482
2,1,4,5,-20,5.7,192.0822,644.6321,3.356022,5.760715,6.889169
2,1,4,5,-20,5.8,27.59857,92.57257,3.354252,5.809571,6.954536
2,1,5,6,-20,0.9,4.443359,15.57724,3.505735,0.900845,0.885423
2,1,5,6,-20,1.2,442.7505,1496.319,3.379599,1.274263,1.175199
2,1,5,6,-20,1.3,4111.433,14078.57,3.424249,1.367496,1.226068
2,1,5,6,-20,1.4,3501.28,11503.22,3.285433,1.452943,1.264598
2,1,5,6,-20,1.5,4110.347,13685.01,3.329406,1.569296,1.341902
2,1,5,6,-20,1.6,2166.552,6790.108,3.134062,1.630687,1.337305
2,1,5,6,-20,1.7,2037.891,6465.905,3.172841,1.757804,1.517603
2,1,5,6,-20,1.8,2346.38,7455.188,3.177315,1.88178,1.666181
2,1,5,6,-20,1.9,2446.79,7763.351,3.172872,1.939017,1.603024
2,1,5,6,-20,2,1182.861,3889.519,3.288229,2.04818,1.76497
2,1,5,6,-20,2.1,1536.591,5098.306,3.317932,2.14237,1.999053
2,1,5,6,-20,2.2,5400.155,16921.88,3.133591,2.22657,1.831184
2,1,5,6,-20,2.3,46.37985,161.8657,3.49,2.32767,1.770919
2,1,5,6,-20,2.4,905.8167,3354.457,3.70324,2.475792,2.733896
2,1,5,6,-20,2.5,487.2856,1505.848,3.090279,2.526621,2.113229
2,1,5,6,-20,2.6,3006.407,9576.165,3.185252,2.648917,2.359404
2,1,5,6,-20,2.7,1612.023,5606.399,3.477865,2.7469,2.568442
2,1,5,6,-20,2.8,1164.983,3608.471,3.097445,2.812488,2.490935
2,1,5,6,-20,2.9,2126.817,6880.482,3.235108,2.978927,3.108252
2,1,5,6,-20,3,2069.165,6534.98,3.158269,3.068016,2.677933
2,1,5,6,-20,3.1,687.793,2285.074,3.322329,3.175387,3.018695
2,1,5,6,-20,3.2,1712.676,5822.598,3.399709,3.244902,3.793997
2,1,5,6,-20,3.3,4873.276,15622.67,3.205783,3.358503,3.386459
2,1,5,6,-20,3.5,2107.549,6741.248,3.198621,3.532386,3.249735
2,1,5,6,-20,3.6,572.0795,1712.781,2.993957,3.627152,2.988689
2,1,5,6,-20,3.7,1164.308,4265.422,3.663482,3.715616,4.40449
2,1,5,6,-20,4,434.7412,1421.333,3.269377,4.039783,4.450756
2,1,5,6,-20,4.2,1043.319,3516.305,3.370307,4.218844,5.064404
2,1,5,6,-20,4.4,120.9885,407.9396,3.371723,4.496202,5.628504
2,1,5,6,-20,4.5,47.32819,159.0016,3.359555,4.522148,5.668302
2,1,5,6,-20,4.6,731.8733,2498.367,3.413661,4.604037,3.604943
2,1,5,6,-20,4.7,59.96704,189.745,3.164155,4.781898,5.64081
2,1,5,6,-20,5.1,542.2394,1831.025,3.376783,5.146653,6.354273
2,1,5,6,-20,5.3,1043.319,3520.161,3.374003,5.326631,6.539161
2,1,5,6,-20,5.5,256.2134,834.0411,3.25526,5.535636,6.666906
2,1,5,6,-20,5.8,1852.21,6079.351,3.282214,5.865393,4.903928
2,1,5,6,-20,5.9,1143.341,3577.406,3.128905,5.911763,4.682011
2,1,5,6,-20,6.2,505.6664,1666.794,3.296232,6.265522,4.944194
2,1,5,6,-20,6.5,505.6664,1608.094,3.180149,6.502126,5.101433
2,1,5,6,-20,6.6,976.6541,3156.376,3.231827,6.67051,6.426479
2,1,5,6,-20,6.8,542.2394,1919.292,3.539565,6.88276,8.826274
2,1,5,6,-20,7,505.6664,1656.423,3.275723,7.045617,5.497714
2,1,5,6,-20,7.8,112.0239,379.397,3.38675,7.842079,6.160215
2,1,5,6,-20,8.400001,59.96704,216.292,3.606848,8.495262,10.69366
2,1,5,6,-20,8.8,572.0795,1904.023,3.32825,8.887167,6.99474
2,1,5,6,-20,9.6,415.5396,1428.875,3.438602,9.60986,7.492113
2,1,5,6,0,0.7,22.32437,75.11961,3.364915,0.762866,0.771528
2,1,5,6,0,0.8,998.5672,3360.02,3.364841,0.832125,0.773311
2,1,5,6,0,0.9,1507.812,5279.523,3.501447,0.962731,0.863522
2,1,5,6,0,1.1,2976.601,9723.423,3.26662,1.156161,1.055053
2,1,5,6,0,1.2,600.1556,2004.856,3.340561,1.262332,1.092478
2,1,5,6,0,1.3,2786.163,9281.8,3.331392,1.335788,1.169902
2,1,5,6,0,1.4,3061.804,9844.365,3.215217,1.439774,1.334628
2,1,5,6,0,1.5,3246.098,10432.86,3.21397,1.561329,1.285596
2,1,5,6,0,1.6,6866.613,22071.93,3.214383,1.645297,1.329676
2,1,5,6,0,1.7,5649.769,17905.19,3.169189,1.743207,1.402291
2,1,5,6,0,1.8,5882.008,19122.46,3.251009,1.854904,1.492687
2,1,5,6,0,1.9,2252.23,7489.894,3.325546,1.937519,1.54599
2,1,5,6,0,2,2313.958,7550.655,3.263091,2.065931,1.5866
2,1,5,6,0,2.1,4765.328,15509.64,3.254685,2.149395,1.619869
2,1,5,6,0,2.2,1756.844,5555.827,3.162392,2.246677,1.788628
2,1,5,6,0,2.3,2491.759,7989.702,3.20645,2.340267,2.058518
2,1,5,6,0,2.4,2262.435,7094.298,3.135692,2.458273,1.887203
2,1,5,6,0,2.5,2961.812,9798.342,3.308225,2.550661,1.932039
2,1,5,6,0,2.6,56.58112,173.6631,3.069276,2.687609,2.490133
2,1,5,6,0,2.8,4104.275,13728.82,3.345005,2.844042,2.149264
2,1,5,6,0,2.9,1594.225,5325.12,3.340257,2.935591,2.190973
2,1,5,6,0,3,2024.355,6537.513,3.229429,3.045865,2.376196
2,1,5,6,0,3.1,1151.18,3712.399,3.224865,3.145421,2.260397
2,1,5,6,0,3.2,2177.367,7460.315,3.426301,3.246108,2.423891
2,1,5,6,0,3.4,737.9761,2401.492,3.254159,3.481241,3.630405
2,1,5,6,0,3.5,3485.049,11744.47,3.36996,3.56388,2.781672
2,1,5,6,0,3.6,473.2201,1621.798,3.427154,3.664772,2.705979
2,1,5,6,0,3.8,1203.806,4260.545,3.53923,3.843493,2.807605
2,1,5,6,0,3.9,575.0717,2021.99,3.516065,3.966241,2.896975
2,1,5,6,0,4,2256.76,7740.941,3.430112,4.064605,3.291087
2,1,5,6,0,4.1,1531.327,5041.149,3.292014,4.160932,3.951581
2,1,5,6,0,4.2,2024.279,6818.608,3.368413,4.255052,3.893331
2,1,5,6,0,4.3,694.619,2460.396,3.54208,4.305266,3.10768
2,1,5,6,0,4.4,1678.951,5959.629,3.549616,4.462745,3.205038
2,1,5,6,0,4.5,3393.145,11770.86,3.469012,4.557309,3.421478
2,1,5,6,0,4.7,6.559753,23.0034,3.506748,4.73436,3.448553
2,1,5,6,0,5,3309.428,11222.7,3.391129,5.022392,4.913246
2,1,5,6,0,5.4,1476.505,4988.583,3.378644,5.416042,5.648546
2,1,5,6,0,6,912.0193,3003.688,3.293447,6.027513,4.388092
2,1,5,6,20,2,352.478,1188.093,3.370688,2.021053,1.520903
2,1,5,6,20,2.6,592.4293,2097.952,3.541269,2.67723,1.979736
2,1,5,6,20,2.8,337.7998,1196.363,3.541632,2.804447,2.058487
2,1,5,6,20,3.2,434.7275,1539.812,3.542017,3.204214,2.329759
2,1,5,6,20,3.4,573.4642,2034.256,3.547311,3.495775,2.494623
2,1,5,6,20,3.7,485.1212,1718.615,3.542651,3.766149,2.673914
2,1,5,6,20,3.8,284.7473,1005.857,3.532455,3.828102,2.758482
2,1,5,6,20,4.4,92.31567,328.4614,3.558024,4.484493,3.124005
2,1,5,6,20,4.5,257.4242,915.6235,3.556867,4.558684,3.175984
2,1,6,7,20,2.2,299.9763,925.5536,3.085422,2.260773,1.924965
2,1,6,7,20,2.6,112.3032,340.3185,3.030356,2.601112,2.048234
2,1,6,8,0,2.1,221.505,715.1343,3.228525,2.120613,2.113643
2,1,6,8,0,2.2,1266.697,4042.463,3.191342,2.278161,1.798582
2,1,6,8,0,2.4,305.1102,985.0473,3.228497,2.46845,2.117943
2,1,6,8,0,3.1,221.505,714.0257,3.22352,3.195609,3.474495
2,1,6,8,0,3.3,195.5551,630.3303,3.223287,3.317877,3.517811
2,1,6,8,0,3.9,221.505,712.0997,3.214825,3.959027,4.470879
2,1,6,8,0,4.3,1076.075,3456.539,3.212173,4.302313,4.659069
2,1,6,9,-40,1.7,863.2355,2643.558,3.062384,1.767566,1.685965
2,1,6,9,-40,2.2,721.9238,2188.617,3.031646,2.267817,2.018915
2,1,6,9,-40,2.6,548.233,1694.858,3.091493,2.652508,2.335277
2,1,6,9,-40,2.7,615.5502,2035.607,3.306972,2.735202,2.436694
2,1,6,9,-40,2.9,181.1722,562.1218,3.102694,2.948711,2.459904
2,1,6,9,-40,3,123.7534,378.4442,3.058052,3.038108,2.63445
2,1,6,9,-40,3.5,744.4648,2286.93,3.071911,3.524383,3.069102
2,1,6,9,-40,4.1,123.7534,380.2227,3.072423,4.129439,3.417685
2,1,6,9,-40,4.9,586.3647,1835.137,3.129685,4.912755,4.06508
2,1,6,9,-40,7.1,123.7534,376.3898,3.041451,7.131075,5.746258
2,1,6,9,-40,8.1,497.0116,1626.018,3.27159,8.187651,6.471962
2,1,6,9,-40,9.900001,123.7534,414.9055,3.352681,9.926908,7.837389
2,1,6,9,-40,10.2,76.87759,258.2204,3.358851,10.20486,8.063694
2,1,6,9,-40,10.5,396.4279,1489.369,3.756973,10.57453,8.226367
2,1,6,9,-40,11,51.7334,192.9022,3.728775,11.01122,8.5386
2,1,6,9,-40,11.2,81.9931,306.6918,3.740459,11.29981,8.736988
2,1,6,9,-40,13.1,811.4777,3079.004,3.794318,13.19705,10.26734
2,1,6,9,-40,13.3,30.97458,113.0278,3.649049,13.31153,10.29795
2,1,6,9,-40,13.6,62.77618,239.7276,3.818767,13.65495,10.58332
2,1,6,9,-40,14.6,516.8945,1874.382,3.626236,14.64966,11.40861
2,1,6,9,-40,18.1,70.95795,278.5284,3.92526,18.10202,13.94248
2,1,6,9,-40,19.3,70.95795,285.2163,4.019511,19.39515,14.99736
2,1,6,9,-40,19.8,381.546,1523.292,3.992421,19.82897,15.3197
2,1,6,9,-20,1.6,895.2667,2913.229,3.254034,1.64546,1.294461
2,1,6,9,-20,1.7,837.0453,2577.937,3.079806,1.761971,1.354211
2,1,6,9,-20,1.8,827.6069,2700.444,3.262955,1.830844,1.496001
2,1,6,9,-20,1.9,1401.424,4414.687,3.150144,1.976748,1.506532
2,1,6,9,-20,2.1,12.08191,38.65092,3.199074,2.114627,1.584311
2,1,6,9,-20,2.6,1071.628,3298.277,3.077819,2.65218,2.035881
2,1,6,9,-20,2.7,2078.436,6704.579,3.22578,2.751518,2.268011
2,1,6,9,-20,2.8,3047.472,9768.105,3.205314,2.863035,2.389008
2,1,6,9,-20,2.9,2207.436,7137.988,3.233611,2.985042,2.484529
2,1,6,9,-20,3,636.9415,1998.951,3.138359,3.070185,2.543566
2,1,6,9,-20,3.1,1844.495,5989.689,3.247334,3.128401,2.466935
2,1,6,9,-20,3.2,1899.999,6078.374,3.199145,3.241025,2.504437
2,1,6,9,-20,3.3,1883.729,6088.357,3.232078,3.379033,2.590796
2,1,6,9,-20,3.4,972.8096,3205.12,3.294704,3.427837,2.665796
2,1,6,9,-20,3.5,1304.763,4175.411,3.20013,3.591887,2.777083
2,1,6,9,-20,3.6,1565.474,5036.5,3.217236,3.612887,2.794291
2,1,6,9,-20,3.8,1022.116,3270.456,3.199691,3.85032,3.954547
2,1,6,9,-20,3.9,1342.196,4336.402,3.230827,3.934429,2.981432
2,1,6,9,-20,4,1723.692,5680.815,3.295726,4.050878,3.533852
2,1,6,9,-20,4.1,2371.982,8038.856,3.389088,4.157236,3.787063
2,1,6,9,-20,4.2,564.1754,1957.715,3.470047,4.221688,4.300182
2,1,6,9,-20,4.3,1797.192,6220.638,3.46131,4.34755,3.392112
2,1,6,9,-20,4.4,1381.308,4708.642,3.408828,4.42906,3.85109
2,1,6,9,-20,4.6,686.3739,2282.788,3.325867,4.634202,3.511477
2,1,6,9,-20,4.9,631.1249,2147.701,3.402973,4.968175,5.597196
2,1,6,9,-20,5,501.3351,1714.051,3.418973,5.048027,3.952804
2,1,6,9,-20,5.1,3718.356,12356.1,3.323001,5.168034,4.015
2,1,6,9,-20,5.2,195.9183,607.0371,3.09842,5.226264,4.072176
2,1,6,9,-20,5.5,804.6089,2927.652,3.638603,5.575569,4.356937
2,1,6,9,-20,5.6,564.1754,1931.513,3.423604,5.619127,6.512746
2,1,6,9,-20,5.8,1138.934,3785.905,3.324076,5.867856,4.45431
2,1,6,9,-20,6.2,1067.252,3617.959,3.389978,6.277842,4.877689
2,1,6,9,-20,6.3,217.4164,807.4523,3.713852,6.371273,4.928116
2,1,6,9,-20,6.4,631.1249,2219.966,3.517475,6.487546,7.673954
2,1,6,9,-20,6.6,2093.086,7571.643,3.617454,6.623478,5.676956
2,1,6,9,-20,6.7,962.1887,3314.892,3.445158,6.739106,5.230887
2,1,6,9,-20,7,438.7955,1462.569,3.333145,7.061174,5.535001
2,1,6,9,-20,7.1,1075.103,3625.058,3.371824,7.131733,5.533731
2,1,6,9,-20,8,311.7104,1073.158,3.442806,8.049187,6.267848
2,1,6,9,-20,8.6,620.9473,2265.395,3.648288,8.667812,6.754465
2,1,6,9,-20,8.900001,231.5781,859.9651,3.7135,8.963528,6.973768
2,1,6,9,-20,10.7,208.4862,738.9526,3.544372,10.74102,8.344304
2,1,6,9,-20,11,528.4561,1972.146,3.731902,11.03011,8.556103
2,1,6,9,-20,11.6,355.986,1277.621,3.588965,11.659,9.014475
2,1,6,9,-20,12.1,355.986,1263.831,3.550227,12.1204,9.407244
2,1,6,9,-20,13,528.4561,1967.9,3.723866,13.03092,10.01696
2,1,6,9,-20,15.2,528.4561,2054.122,3.887024,15.24536,11.76383
2,1,7,10,-20,2,1882.388,6142.834,3.263319,2.044211,1.638372
2,1,7,10,-20,2.1,306.5514,945.0433,3.082822,2.181459,2.03283
2,1,7,10,-20,2.2,2520.521,7977.559,3.165044,2.240397,2.025804
2,1,7,10,-20,2.3,1363.269,4303.14,3.156486,2.335393,2.043838
2,1,7,10,-20,2.5,306.5514,1015.747,3.313465,2.583498,2.528379
2,1,7,10,-20,2.6,970.4254,3189.552,3.286757,2.691589,2.390855
2,1,7,10,-20,2.7,1968.631,6459.91,3.281423,2.71097,2.583941
2,1,7,10,-20,2.9,211.6028,704.4597,3.329161,2.908606,2.672615
2,1,7,10,-20,3,2596.786,8387.115,3.229806,3.062851,2.891734
2,1,7,10,-20,3.1,686.4434,2232.566,3.252367,3.115822,2.619203
2,1,7,10,-20,3.2,891.0576,2687.298,3.015852,3.299972,3.256949
2,1,7,10,-20,3.3,767.2371,2603.392,3.393204,3.359792,3.154038
2,1,7,10,-20,3.5,320.3735,1070.671,3.341947,3.572942,3.929202
2,1,7,10,-20,3.6,242.2081,758.363,3.131039,3.699863,4.111031
2,1,7,10,-20,3.9,2231.899,7252.852,3.249632,3.913019,4.325745
2,1,7,10,-20,4,313.4857,1052.398,3.357085,4.079995,4.491142
2,1,7,10,-20,4.2,313.4857,1098.798,3.505096,4.24949,4.544554
2,1,7,10,-20,4.7,306.5514,928.9294,3.030257,4.750598,5.306471
2,1,7,10,-20,5.4,310.1746,1004.62,3.238886,5.405454,6.361131
2,1,7,10,-20,6.1,313.4857,1068.086,3.407127,6.154949,7.305138
2,1,7,10,-20,6.2,358.02,1222.598,3.414886,6.284389,7.517315
2,1,7,10,0,1.8,495.1416,1455.969,2.940511,1.847586,1.626689
2,1,7,10,0,2,326.9836,987.7217,3.020707,2.031713,2.122897
2,1,7,10,0,2.4,2779.259,8422.202,3.030377,2.450941,1.97388
2,1,7,10,0,2.6,406.9443,1233.317,3.030678,2.686164,2.101815
2,1,7,11,-40,2,31.15845,102.3191,3.283833,2.013452,1.619017
2,1,7,11,-40,2.4,376.2604,1196.815,3.180815,2.428621,2.282846
2,1,7,11,-40,2.6,218.3472,736.3196,3.372243,2.664284,2.377157
2,1,7,11,-40,2.7,1561.286,5141.999,3.293438,2.738631,2.435634
2,1,7,11,-40,2.8,433.3374,1403.171,3.238057,2.865359,2.486196
2,1,7,11,-40,3,450.1694,1501.24,3.334833,3.034177,2.896682
2,1,7,11,-40,3.8,121.5027,402.8993,3.31597,3.848792,4.115808
2,1,8,11,-40,2.4,50.43335,159.503,3.16265,2.41667,2.277903
2,1,8,11,-40,4,73.40317,229.6232,3.128247,4.053269,3.230124
2,1,8,11,-40,4.8,383.5327,1180.44,3.077807,4.851824,3.911575
2,1,8,11,-20,1.6,88.30261,262.4867,2.972581,1.613834,1.492488
2,1,8,11,-20,1.9,556.3217,1721.727,3.094841,1.946541,1.869534
2,1,8,11,-20,2,1938.577,6237.212,3.217417,2.047772,1.923109
2,1,8,11,-20,2.1,749.8718,2333.663,3.112082,2.117622,1.815583
2,1,8,11,-20,2.2,1319.752,3964.271,3.003801,2.276915,2.125695
2,1,8,11,-20,2.3,241.4619,729.0569,3.019345,2.344076,2.20365
2,1,8,11,-20,2.4,1460.117,4483.035,3.070327,2.4771,2.240047
2,1,8,11,-20,2.5,2175.731,7015.051,3.224227,2.565118,2.172952
2,1,8,11,-20,2.9,1350.172,4162.904,3.083241,2.981403,2.509923
2,1,8,11,-20,3,1825.259,6156.688,3.37305,3.072637,2.727226
2,1,8,11,-20,3.2,2029.002,6848.371,3.375242,3.245153,2.846754
2,1,8,11,-20,3.3,2919.458,9816.65,3.362491,3.344726,3.059865
2,1,8,11,-20,3.9,341.5855,1155.348,3.382309,3.954631,4.164118
2,1,8,11,-20,5.6,579.4296,1791.638,3.092071,5.632132,6.448217
2,1,8,11,0,1.6,1245.608,3831.222,3.075785,1.67625,2.012965
2,1,8,11,0,1.7,2533.28,7888.398,3.113907,1.749002,1.547661
2,1,8,11,0,1.8,650.7004,1914.032,2.941496,1.880243,1.648978
2,1,8,11,0,1.9,606.2393,1931.433,3.185925,1.955275,1.853581
2,1,8,11,0,2,797.3251,2570.798,3.224278,2.061685,1.936993
2,1,8,11,0,2.1,7427.941,24347.4,3.277812,2.110931,1.804181
2,1,8,11,0,2.2,1874.265,6082.646,3.24535,2.22853,1.931233
2,1,8,11,0,2.3,880.5565,2831.41,3.215478,2.372564,2.022906
2,1,8,11,0,2.4,2422.13,7929.031,3.273577,2.448344,2.110358
2,1,8,11,0,2.5,910.7415,2809.499,3.084848,2.591316,2.101159
2,1,8,11,0,2.6,318.6234,965.2755,3.029519,2.606589,2.066924
2,1,8,11,0,2.9,683.7158,2204.696,3.224579,2.987989,2.044709
2,1,8,11,20,1.7,240.7875,764.1389,3.173499,1.714745,1.601977
2,1,8,11,20,1.8,210.4126,671.8584,3.193052,1.821552,1.549321
2,1,8,11,20,1.9,735.5286,2332.11,3.170658,1.967955,1.596807
2,1,8,11,20,2,568.6066,1936.34,3.405413,2.065837,1.829555
2,1,8,11,20,2.1,377.8748,1270.132,3.36125,2.149413,1.886882
2,1,8,11,20,2.2,1675.893,5557.635,3.316224,2.282024,1.986428
2,1,8,11,20,2.3,4692.625,15517.91,3.306871,2.361387,2.006627
2,1,8,11,20,2.4,2326.567,7650.037,3.288122,2.441015,2.106825
2,1,8,11,20,2.5,1041.164,3394.121,3.259931,2.557692,2.029
2,1,8,11,20,2.6,529.7577,1754.664,3.312201,2.655084,2.192158
2,1,8,11,20,4.1,13.30566,41.92808,3.151145,4.175466,2.522651
2,1,8,11,20,4.5,461.5265,1641.878,3.557494,4.588783,2.863277
2,1,8,11,20,5.5,593.28,1885.954,3.17886,5.550561,3.209648
2,1,8,11,40,1.7,126.7288,401.7742,3.170346,1.721923,1.470423
2,1,8,11,40,2.3,670.1965,2221.985,3.315423,2.351745,2.029932
2,1,8,11,40,2.4,863.1287,2719.41,3.150643,2.41107,1.75004
2,2,5,6,0,2.4,318.5104,1016.986,3.192945,2.473105,1.879874
2,2,5,6,0,2.5,1114.371,3473.077,3.116624,2.56965,1.933397
2,2,5,6,0,2.7,318.5104,996.3644,3.1282,2.733425,2.079091
2,2,5,6,0,2.8,1043.341,3414.503,3.272662,2.827769,2.075458
2,2,5,6,0,2.9,1112.722,3474.617,3.122628,2.97785,2.203162
2,2,5,6,0,3.2,1128.389,3996.819,3.542058,3.25169,2.390131
2,2,5,6,0,3.3,1145.272,3914.29,3.417781,3.377337,2.49459
2,2,5,6,0,3.6,541.2659,1745.093,3.224096,3.654392,2.706434
2,2,5,6,0,3.7,754.248,2671.694,3.542195,3.700403,2.66004
2,2,5,6,0,3.8,24.20044,80.75143,3.336775,3.802821,2.797843
2,2,5,6,0,4,1079.156,3749.608,3.474575,4.077444,3.025342
2,2,5,6,0,4.2,257.9224,913.5358,3.541902,4.282609,3.026336
2,2,5,6,0,4.3,802.5116,2842.32,3.541781,4.331449,3.038747
2,2,5,6,0,4.5,407.8033,1296.836,3.180052,4.56918,3.386806
2,2,5,6,0,4.8,36.22131,125.8862,3.475472,4.89972,3.611891
2,2,5,6,0,5.5,682.8789,2418.549,3.541695,5.59045,3.960058
2,2,5,6,0,5.6,846.1212,2997.104,3.542168,5.665778,3.965342
2,2,5,6,20,2.7,121.9055,400.5896,3.286066,2.786912,2.1067
2,2,5,6,20,3.2,485.1212,1605.676,3.309845,3.225101,2.243215
2,2,5,6,20,3.3,434.7275,1539.926,3.542278,3.337506,2.434761
2,2,5,6,20,3.4,579.6082,1807.93,3.119228,3.481273,2.423402
2,2,5,6,20,3.5,289.8438,923.2457,3.185322,3.54851,2.376231
2,2,5,6,20,3.6,491.5009,1738.726,3.537584,3.671112,2.629062
2,2,5,6,20,4.2,571.524,1912.062,3.345549,4.253785,3.074303
2,2,5,6,20,4.3,6.3797,22.59454,3.54163,4.333894,3.028296
2,2,5,6,20,5.7,491.5009,1741.165,3.542547,5.710606,4.040563
2,2,6,7,20,1.6,588.8962,1801.43,3.058995,1.69117,1.203014
2,2,6,7,20,1.8,319.5511,998.5317,3.124795,1.821758,1.343565
2,2,6,7,20,1.9,3243.08,10114,3.11864,1.938826,1.326633
2,2,6,7,20,2,1899.574,6008.805,3.163238,2.040708,1.372792
2,2,6,7,20,2.1,1017.257,3104.988,3.052315,2.129046,1.505867
2,2,6,7,20,2.2,3249.003,10250.74,3.155043,2.23478,1.456049
2,2,6,7,20,2.3,1093.558,3442.735,3.148197,2.337735,1.592488
2,2,6,7,20,2.5,2452.327,7792.468,3.177581,2.522323,1.586766
2,2,6,7,20,2.6,739.4714,2301.327,3.112125,2.620406,1.618366
2,2,6,7,20,2.7,1651.204,5248.782,3.178761,2.740629,1.747296
2,2,6,7,20,2.8,227.8404,734.0795,3.221902,2.849036,1.725236
2,2,6,7,20,2.9,3321.907,10462.16,3.149443,2.957176,1.773665
2,2,6,7,20,3,652.8503,2118.575,3.245116,3.003419,1.801238
2,2,6,7,20,3.1,1146.337,3761.33,3.281173,3.156147,2.061774
2,2,6,7,20,3.2,1088.269,3467.491,3.186244,3.274926,2.005484
2,2,6,7,20,3.4,994.5656,3179.78,3.197155,3.477694,2.013865
2,2,6,7,20,3.5,1102.502,3652.641,3.313046,3.55205,2.053408
2,2,6,7,20,3.6,953.8696,3043.458,3.190643,3.670007,2.194268
2,2,6,7,20,3.7,1587.464,5082.512,3.201655,3.751556,2.180731
2,2,6,7,20,3.9,1257.162,4134.125,3.288459,3.944081,2.360241
2,2,6,7,20,4,2587.308,8582.678,3.317224,4.049121,2.47558
2,2,6,7,20,4.1,1105.505,3574.768,3.233605,4.150069,2.509119
2,2,6,7,20,4.2,2557.673,8382.897,3.277549,4.253869,2.490066
2,2,6,7,20,4.3,650.0389,2139.431,3.291235,4.334363,2.592149
2,2,6,7,20,4.4,422.1985,1393.783,3.30125,4.451359,2.698718
2,2,6,7,20,4.6,1131.122,3735.624,3.302583,4.635674,2.712888
2,2,6,7,20,4.7,1081.609,3659.808,3.383671,4.740341,2.835962
2,2,6,7,20,4.8,1005.411,3259.534,3.24199,4.832443,2.765697
2,2,6,7,20,5,881.8352,3039.973,3.447326,5.055213,2.943738
2,2,6,8,0,1.2,2386.094,7345.092,3.078291,1.265059,1.083419
2,2,6,8,0,1.3,3661.08,11760.95,3.212425,1.38747,1.155588
2,2,6,8,0,1.4,5585.407,17913.56,3.207209,1.438425,1.195695
2,2,6,8,0,1.5,2669.177,8309.765,3.113232,1.533536,1.234548
2,2,6,8,0,1.6,8178.412,25719.86,3.144848,1.644847,1.303496
2,2,6,8,0,1.7,5228.736,16255.02,3.108785,1.751282,1.350664
2,2,6,8,0,1.8,1964.378,6247.968,3.180634,1.832016,1.380238
2,2,6,8,0,1.9,5256.049,16605.53,3.159318,1.948104,1.464229
2,2,6,8,0,2,6752.983,21460.94,3.177994,2.034046,1.542132
2,2,6,8,0,2.1,4505.561,14226.38,3.157517,2.129182,1.613908
2,2,6,8,0,2.2,5211.675,16648.97,3.194553,2.227865,1.585202
2,2,6,8,0,2.3,3437.328,11024.77,3.207366,2.336011,1.791639
2,2,6,8,0,2.4,6048.549,19127.41,3.162314,2.456445,1.765205
2,2,6,8,0,2.5,6459.661,20850.69,3.22783,2.550786,1.86972
2,2,6,8,0,2.6,4533.694,14422.23,3.181122,2.646317,1.914442
2,2,6,8,0,2.7,4383.583,14052.87,3.205795,2.743614,2.062909
2,2,6,8,0,2.8,4861.65,15485.31,3.185196,2.846425,2.064265
2,2,6,8,0,2.9,2210.239,7007.411,3.170432,2.908359,2.057137
2,2,6,8,0,3,2533.843,8084.577,3.190638,3.085088,2.116138
2,2,6,8,0,3.1,880.8319,2807.576,3.187414,3.174313,2.250834
2,2,6,8,0,3.2,1077.787,3429.922,3.182374,3.218166,2.248624
2,2,6,8,0,3.4,661.5997,2076.2,3.138152,3.417733,2.58119
2,2,6,8,0,3.5,828.4554,2640.097,3.18677,3.566548,2.525476
2,2,6,8,0,3.6,3040.213,9849.884,3.239866,3.649556,2.464322
2,2,6,8,0,3.7,786.715,2547.784,3.238509,3.716014,2.748068
2,2,6,8,0,3.8,2573.841,8335.436,3.23852,3.855939,2.34361
2,2,6,8,0,3.9,827.578,2679.317,3.23754,3.90377,2.818482
2,2,6,8,0,4.1,570.2522,1855.479,3.253787,4.163395,3.156073
2,2,6,8,0,4.2,1221.279,4150.545,3.398523,4.279679,3.114778
2,2,6,8,0,4.5,788.3881,2614.305,3.316013,4.517667,3.252851
2,2,6,8,0,5.6,2528.569,8956.831,3.542253,5.66972,4.010932
2,2,6,8,0,5.7,1296.388,4590.121,3.540699,5.72066,4.115028
2,2,6,9,-40,1.1,441.7877,1290.02,2.92,1.184865,1.058624
2,2,6,9,-40,1.5,694.6228,2041.767,2.93939,1.540505,1.267927
2,2,6,9,-40,1.6,2284.46,7193.945,3.149079,1.675346,1.413185
2,2,6,9,-40,5.2,127.0432,420.1925,3.307479,5.275261,4.15763
2,2,6,9,-40,5.3,14.26697,47.20855,3.308941,5.334057,4.206132
2,2,6,9,-40,5.4,127.0432,421.718,3.319486,5.45176,4.262563
2,2,6,9,-40,5.5,393.8354,1363.359,3.461749,5.537822,4.350144
2,2,6,9,-40,5.6,127.0432,444.1074,3.495721,5.681888,4.501391
2,2,6,9,-40,5.7,127.0432,442.7032,3.484668,5.736372,4.544974
2,2,6,9,-40,5.8,67.11807,234.7247,3.49719,5.842074,4.628255
2,2,6,9,-40,5.9,1251.029,4356.161,3.482062,5.948005,4.705812
2,2,6,9,-40,6.3,459.9335,1556.667,3.384547,6.307051,4.964177
2,2,6,9,-40,7.5,220.0165,737.7478,3.353148,7.597236,5.957127
2,2,6,9,-40,7.9,25.8667,96.55125,3.732647,7.939777,6.231284
2,2,6,9,-40,8.7,1298.463,4539.938,3.496395,8.704291,6.829951
2,2,6,9,-40,9.2,811.4777,3039.169,3.745228,9.284829,7.279973
2,2,6,9,-40,10.5,337.7693,1140.666,3.377055,10.58203,8.302434
2,2,6,9,-20,1.1,803.6735,2386.91,2.97,1.116584,1.036408
2,2,6,9,-20,1.3,5308.26,17573.58,3.31061,1.360045,1.177215
2,2,6,9,-20,1.4,5308.998,16552.99,3.117913,1.435002,1.213823
2,2,6,9,-20,1.5,2962.382,9074.93,3.06339,1.553606,1.304235
2,2,6,9,-20,1.6,2950.811,9421.479,3.192844,1.657134,1.376149
2,2,6,9,-20,1.7,3769.528,12065.51,3.2008,1.736382,1.432243
2,2,6,9,-20,1.8,2036.717,6369.134,3.127158,1.85704,1.454442
2,2,6,9,-20,1.9,1228.452,3948.783,3.214437,1.954679,1.5812
2,2,6,9,-20,2,1844.609,5750.879,3.117668,2.048357,1.650011
2,2,6,9,-20,2.1,789.0916,2520.431,3.194092,2.115996,1.707957
2,2,6,9,-20,2.2,3388.99,11298.58,3.333909,2.273139,1.766149
2,2,6,9,-20,2.3,859.079,2771.534,3.226169,2.312951,1.711406
2,2,6,9,-20,2.4,3552.41,11384.8,3.204811,2.456049,1.888735
2,2,6,9,-20,2.5,354.8676,1152.12,3.246619,2.543678,2.000891
2,2,6,9,-20,2.6,1255.31,4044.272,3.221732,2.64462,2.040745
2,2,6,9,-20,2.7,2056.078,6724.682,3.270636,2.721493,2.122916
2,2,6,9,-20,2.8,2134.521,6897.673,3.231486,2.837687,2.086313
2,2,6,9,-20,2.9,2116.66,6798.661,3.211977,2.942114,2.277431
2,2,6,9,-20,3,2201.26,7040.338,3.198323,3.024609,2.245384
2,2,6,9,-20,3.1,2861.049,9379.213,3.278243,3.133662,2.464433
2,2,6,9,-20,3.2,1146.385,3845.104,3.354112,3.251304,2.513859
2,2,6,9,-20,3.3,1241.476,4037.048,3.251813,3.370873,2.431504
2,2,6,9,-20,3.4,2856.27,9421.723,3.298611,3.442436,2.648127
2,2,6,9,-20,3.7,1449.789,4758.813,3.282417,3.714835,2.792927
2,2,6,9,-20,3.9,312.8937,1020.601,3.261814,3.929157,3.016437
2,2,6,9,-20,4,120.1859,399.8719,3.327113,4.006433,3.177657
2,2,6,9,-20,4.1,641.066,2112.735,3.295659,4.154155,3.19541
2,2,6,9,-20,4.2,1481.885,4916.283,3.317588,4.229696,3.357564
2,2,6,9,-20,4.3,614.7118,2054.203,3.341733,4.370161,3.374992
2,2,6,9,-20,4.5,1265.51,4206.228,3.323742,4.558425,3.54067
2,2,6,9,-20,4.6,240.3717,824.0703,3.428317,4.639788,3.642655
2,2,6,9,-20,4.7,453.4546,1454.481,3.207557,4.71936,3.579218
2,2,6,9,-20,4.9,1038.064,3512.501,3.383705,4.938426,3.781938
2,2,6,9,-20,5.2,482.9308,1648.811,3.414177,5.292452,4.171703
2,2,6,9,-20,5.3,94.80286,314.4841,3.317243,5.333938,4.167071
2,2,6,9,-20,5.4,1756.583,5805.086,3.30476,5.415749,4.22593
2,2,6,9,-20,5.5,1541.939,5461.039,3.54167,5.581587,3.990359
2,2,6,9,-20,5.6,275.3586,975.2986,3.541922,5.612902,3.996902
2,2,6,9,-20,6,218.9224,794.1494,3.627538,6.015164,4.422691
2,2,6,9,-20,6.2,69.77386,233.4205,3.345386,6.239266,4.901934
2,2,6,9,-20,6.7,231.5781,775.4736,3.348649,6.795056,5.333427
2,2,6,9,-20,7.3,310.4942,1041.864,3.355503,7.300316,5.735434
2,2,7,10,-20,1.1,4379.604,13007.42,2.97,1.122613,1.038628
2,2,7,10,-20,1.3,1138.438,3766.641,3.308604,1.338332,1.161859
2,2,7,10,-20,2.3,638.9564,1897.701,2.97,2.387953,1.819507
2,2,7,10,-20,2.8,194.3336,624.245,3.212233,2.841123,2.254918
2,2,7,10,-20,2.9,1047.326,3421.593,3.26698,2.943775,2.283843
2,2,7,10,-20,3,3512.711,11655.13,3.317987,3.08281,2.361489
2,2,7,10,-20,3.1,375.1556,1205.532,3.213419,3.101522,2.746855
2,2,7,10,-20,3.2,692.318,2296.908,3.317706,3.215358,2.421315
2,2,7,10,-20,3.3,476.8166,1561.201,3.274217,3.365644,2.766505
2,2,7,10,-20,3.4,1358.513,4502.26,3.314109,3.481824,2.722586
2,2,7,10,-20,3.5,2874.327,9491.889,3.3023,3.548795,2.775276
2,2,7,10,-20,3.7,188.2538,634.7897,3.371989,3.704613,3.111659
2,2,7,10,-20,3.8,1984.888,6541.577,3.295691,3.827444,2.951077
2,2,7,10,-20,3.9,424.5316,1435.012,3.380225,3.918712,3.256855
2,2,7,10,-20,4,274.2447,892.7241,3.25521,4.027476,3.224088
2,2,7,10,-20,4.1,17.02728,57.51299,3.377696,4.129699,3.399193
2,2,7,10,-20,4.2,512.3535,1801.022,3.515194,4.223125,3.359721
2,2,7,10,-20,4.3,1088.62,3692.994,3.392363,4.355411,3.564139
2,2,7,10,-20,4.4,660.3088,2248.161,3.404711,4.449811,3.637295
2,2,7,10,-20,4.5,1471.771,4971.272,3.377748,4.557337,3.683192
2,2,7,10,-20,4.6,701.7639,2373.584,3.382311,4.634922,3.779613
2,2,7,10,-20,4.7,1238.769,4231.056,3.415533,4.727197,3.846206
2,2,7,10,-20,4.8,1667.41,5667.241,3.398828,4.859968,3.92522
2,2,7,10,-20,4.9,910.0372,3083.521,3.388346,4.959088,3.972723
2,2,7,10,-20,5.2,1289.107,4433.419,3.43914,5.241208,4.192069
2,2,7,10,-20,5.5,1437.594,5043.705,3.508435,5.562684,4.151192
2,2,7,10,-20,5.6,703.7079,2489.209,3.537276,5.686368,4.469894
2,2,7,10,-20,5.7,64.57214,229.6163,3.555965,5.743475,4.518378
2,2,7,10,-20,5.8,677.5642,2402.19,3.545332,5.816844,4.56752
2,2,7,10,0,1.6,512.7808,1564.555,3.051119,1.696355,1.219733
2,2,7,10,0,1.7,220.5658,689.2731,3.125023,1.704859,1.248413
2,2,7,10,0,2,487.7831,1370.67,2.81,2.084109,1.413455
2,2,7,10,0,2.1,637.2971,1994.515,3.129647,2.117309,1.405136
2,2,7,10,0,2.3,531.704,1648.182,3.099812,2.390787,1.518675
2,2,7,10,0,2.4,1098.561,3396,3.091317,2.447385,1.549579
2,2,7,10,0,2.5,723.7793,2289.776,3.163639,2.582096,1.609818
2,2,7,10,0,2.7,775.1419,2485.521,3.206537,2.786044,2.041096
2,2,7,10,0,3.1,669.9707,2195.969,3.27771,3.142386,2.239334
2,2,7,10,0,3.4,620.8496,2001.099,3.223163,3.480373,2.62076
2,2,7,10,0,3.5,1341.976,4325.441,3.223187,3.529569,2.648499
2,2,7,10,0,3.6,641.0851,2068.812,3.227048,3.61832,2.695881
2,2,7,10,0,3.7,582.7881,1882.357,3.229917,3.788706,2.813216
2,2,7,10,0,3.9,360.3432,1130.539,3.137395,3.933558,3.037733
2,2,7,10,0,4.1,331.369,1082.544,3.266884,4.138255,3.205839
2,2,7,10,0,4.2,416.095,1336.262,3.211436,4.246118,3.237347
2,2,7,10,0,4.3,395.2759,1272.854,3.220166,4.397728,3.420146
2,2,7,10,0,4.5,143.3876,462.574,3.226039,4.516408,3.502681
2,2,7,10,0,4.6,613.8298,1983.284,3.230999,4.654193,3.612432
2,2,7,10,0,4.7,174.0166,564.5031,3.243962,4.784127,3.70326
2,2,7,10,0,4.8,160.862,522.2598,3.246633,4.824136,3.737465
2,2,7,10,20,3.7,49.77722,160.6295,3.226969,3.780539,2.79721
2,2,7,11,-40,1.1,33.40302,99.20695,2.97,1.121155,1.037438
2,2,7,11,-40,2.7,824.5239,2641.438,3.203591,2.708383,2.399388
2,2,7,11,-40,2.9,680.1254,2160.546,3.176687,2.98283,2.557539
2,2,7,11,-40,3,349.8016,1166.948,3.336027,3.098935,2.423088
2,2,7,11,-40,3.1,3516.112,11315.5,3.218185,3.158177,2.800613
2,2,7,11,-40,3.2,1918.906,6290.604,3.278224,3.254398,2.78806
2,2,7,11,-40,3.3,2111.103,6890.13,3.263758,3.356058,2.943548
2,2,7,11,-40,3.4,82.87926,267.488,3.227442,3.433978,3.047833
2,2,7,11,-40,3.5,1426.28,4719.43,3.308908,3.528087,2.892516
2,2,7,11,-40,3.6,879.3427,2896.062,3.29344,3.668531,3.09045
2,2,7,11,-40,3.7,1458.16,4948.61,3.393737,3.750837,3.233259
2,2,7,11,-40,3.8,2599.09,8736.226,3.361264,3.835354,3.138234
2,2,7,11,-40,3.9,2656.84,9016.951,3.393863,3.965672,3.36103
2,2,7,11,-40,4,2918.195,9640.023,3.30342,4.026342,3.162247
2,2,7,11,-40,4.1,774.9084,2629.822,3.39372,4.111959,3.460145
2,2,7,11,-40,4.2,1266.602,4296.543,3.392182,4.218464,3.516448
2,2,7,11,-40,4.3,1252.966,4255.744,3.396535,4.33115,3.590765
2,2,7,11,-40,4.4,742.2272,2516.461,3.390419,4.458572,3.641982
2,2,7,11,-40,4.5,866.2781,2950.337,3.405762,4.525415,3.720879
2,2,7,11,-40,4.6,312.4268,1063.065,3.402605,4.646783,3.815709
2,2,7,11,-40,4.7,410.2356,1403.273,3.420651,4.730664,3.827016
2,2,7,11,-40,4.8,596.3783,2040.217,3.421011,4.864298,3.944556
2,2,8,11,-40,1,65.55634,216.2513,3.298709,1.038985,0.964868
2,2,8,11,-40,1.6,107.9956,345.9648,3.203508,1.657263,1.392312
2,2,8,11,-40,1.7,328.2425,1051.613,3.203769,1.76969,1.494936
2,2,8,11,-20,1.3,2408.675,7990.038,3.317193,1.376721,1.185468
2,2,8,11,-20,1.4,4162.421,13959.15,3.353613,1.442408,1.227234
2,2,8,11,-20,1.5,580.0522,1920.142,3.310292,1.567149,1.302847
2,2,8,11,-20,1.6,1317.265,4218.61,3.202551,1.662662,1.387592
2,2,8,11,-20,2.1,674.6277,2159.138,3.200489,2.196429,1.773639
2,2,8,11,-20,2.3,669.014,2138.949,3.197166,2.390279,1.919242
2,2,8,11,-20,2.6,646.3875,2057.595,3.183223,2.686625,2.141147
2,2,8,11,0,1.3,520.0058,1730.793,3.328411,1.379006,1.182876
2,2,8,11,0,1.4,934.9464,3102.258,3.318113,1.401627,1.190231
2,2,8,11,0,1.7,145.7779,466.8662,3.202586,1.721893,1.430959
2,3,6,7,20,1.5,1168.875,3804.791,3.255087,1.518964,1.077541
2,3,6,7,20,1.9,1094.378,3564.254,3.256877,1.917088,1.286389
2,3,6,7,20,2.1,1598.466,4491.688,2.81,2.171035,1.457069
2,3,6,7,20,2.6,652.8503,2219.649,3.399935,2.644487,1.602515
2,3,6,7,20,2.7,7679.332,24955.58,3.249707,2.713395,1.669671
2,3,6,7,20,2.8,1017.393,3211.044,3.156147,2.855114,1.77293
2,3,6,7,20,2.9,5099.605,16667.99,3.268486,2.966075,1.853477
2,3,6,7,20,3,1388.449,4371.812,3.148702,3.064555,1.872917
2,3,6,7,20,3.1,889.2838,2769.284,3.114061,3.138145,1.88516
2,3,6,7,20,3.2,1261.166,4120.121,3.266913,3.206547,1.992466
2,3,6,7,20,3.3,1880.016,6311.776,3.3573,3.330851,2.065125
2,3,6,7,20,3.4,796.8445,2624.144,3.293169,3.431429,2.102457
2,3,6,7,20,3.7,1372.003,4952.931,3.61,3.740619,2.291878
2,3,6,7,20,3.8,2525.835,8321.828,3.294684,3.812492,2.308624
2,3,6,7,20,5,722.0123,2524.788,3.496877,5.033328,2.925264
2,3,6,7,40,2.6,206.1121,659.8599,3.201462,2.653291,1.741091
2,3,6,7,40,2.7,448.5229,1482.15,3.304513,2.712526,1.668605
2,3,6,7,40,2.8,443.8198,1422.652,3.205472,2.824618,1.840551
2,3,6,7,40,2.9,514.2014,1646.892,3.202816,2.99525,1.950289
2,3,6,7,40,3,1333.643,4269.526,3.201402,3.019042,1.883817
2,3,6,7,40,3.1,679.3793,2248.075,3.309013,3.154617,1.980093
2,3,6,7,40,3.2,1397.558,4551.485,3.25674,3.271644,2.037921
2,3,6,7,40,3.4,154.0771,507.8417,3.296022,3.431429,2.102456
2,3,6,7,40,3.7,2300.474,7576.494,3.29345,3.75222,2.296631
2,3,6,7,40,3.8,1618.041,5348.653,3.305635,3.812495,2.308625
2,3,6,8,0,1.3,1116.57,3589.431,3.214695,1.35025,1.164307
2,3,6,8,0,2.5,445.6497,1515.201,3.399981,2.54893,1.563077
2,3,6,8,0,2.7,1128.049,3523.213,3.123281,2.71076,1.667502
2,3,6,8,0,2.8,1324.064,4345.719,3.282107,2.875834,1.918298
2,3,6,8,0,3.5,125.3151,410.7908,3.278063,3.583582,2.179778
2,3,7,10,-20,1.3,1010.052,3331.804,3.298647,1.332311,1.157074
2,3,7,10,-20,2.9,394.7525,1297.66,3.287276,2.994603,2.397943
2,3,7,10,-20,3.1,395.4659,1451.36,3.67,3.155928,2.505497
2,3,7,10,-20,3.5,448.6099,1476.982,3.292353,3.546178,2.794887
2,3,7,10,-20,3.6,1180.25,4071.557,3.449742,3.641944,2.850985
2,3,7,10,-20,4.8,297.3251,1015.742,3.416266,4.860419,3.967077
2,3,7,10,0,1.3,556.9794,1787.053,3.208472,1.321576,1.149688
2,3,7,10,0,1.4,181.7429,591.5303,3.254765,1.499656,1.067274
2,3,7,10,0,1.5,388.5689,1264.734,3.254851,1.5027,1.06901
2,3,7,10,0,1.6,328.5164,1070.623,3.258963,1.675111,1.171444
2,3,7,10,0,2.1,2573.241,7444.721,2.89313,2.161277,1.477072
2,3,7,10,0,2.6,29.54407,92.03193,3.115073,2.637517,1.631789
2,3,7,10,0,2.7,2648.849,8529.419,3.220047,2.71013,1.665547
2,3,7,10,0,2.9,726.6037,2331.273,3.208452,2.946171,1.917117
2,3,7,10,0,3,2119.988,6844.486,3.228549,3.06892,1.961092
2,3,7,10,0,3.1,218.5417,802.0481,3.67,3.199539,2.551743
2,3,7,10,0,3.2,233.0978,763.7891,3.276689,3.217647,2.523147
2,3,7,10,0,3.3,314.4547,1154.049,3.67,3.309005,2.605196
2,3,7,10,0,3.4,298.864,976.7716,3.268281,3.480051,2.4849
2,3,7,10,0,3.6,1123.596,3708.352,3.300432,3.639494,2.82356
2,3,7,10,0,3.9,1853.009,6063.65,3.272326,3.947257,2.823982
2,3,7,10,20,1.5,826.4252,2690.037,3.255028,1.539122,1.099928
2,3,7,10,20,1.9,532.0747,1733.495,3.257991,1.910975,1.283313
2,3,7,10,20,2.1,144.8578,407.0504,2.81,2.169184,1.46173
2,3,7,10,20,2.6,116.6674,373.4422,3.200914,2.659724,1.742947
2,3,7,10,20,2.7,14173.03,46337.09,3.269384,2.712526,1.668605
2,3,7,10,20,2.8,462.3528,1481.591,3.204459,2.886197,1.878408
2,3,7,10,20,2.9,2767.757,8863.037,3.202246,2.925763,1.904158
2,3,7,10,20,3,50.90332,162.9145,3.200468,3.019041,1.883817
2,3,7,10,20,3.2,462.3748,1530.769,3.310667,3.29521,2.054703
2,3,7,10,20,3.4,462.6756,1513.055,3.270228,3.480051,2.4849
2,3,7,10,20,3.8,2331.819,7710.718,3.306739,3.812495,2.308625
2,3,7,10,20,3.9,3288.251,10746.01,3.268001,3.915238,2.73843
2,3,7,10,20,4,669.1553,2190.666,3.273779,4.02793,2.811359
2,3,7,11,-40,3.2,618.3739,1993.109,3.223145,3.276654,2.908144
2,3,7,11,-40,3.3,665.7177,2146.81,3.224805,3.341674,2.966154
2,3,7,11,-40,4.2,841.4734,2856.897,3.395113,4.223268,3.545339
2,3,7,11,-40,4.3,876.4786,2981.486,3.401664,4.395583,3.64759
2,3,7,11,-40,4.4,56.11191,190.741,3.399296,4.425459,3.711507
2,3,7,11,-40,4.5,89.48288,304.6574,3.404645,4.513945,3.751128
2,3,7,11,-40,4.6,1562.95,5326.009,3.407664,4.67492,3.839696
2,3,7,11,-40,4.7,63.48495,216.3159,3.407357,4.711418,3.875977
2,3,7,11,-40,4.8,211.7706,723.5868,3.416842,4.853,3.964435
2,3,8,11,-40,3.1,1447.363,4660.333,3.21988,3.170589,2.812049
2,3,8,11,-40,3.2,698.2742,2249.733,3.221847,3.21699,2.854785
2,3,8,11,-40,3.5,768.1747,2513.292,3.271771,3.599046,2.920362
2,3,8,11,-40,3.6,1036.115,3402.31,3.283718,3.630776,2.840353
2,3,8,11,-40,4.5,858.6216,2918.489,3.39904,4.538649,3.755711
2,3,8,11,-40,4.7,952.092,3082.91,3.238038,4.769636,3.915606
2,3,8,11,-20,1.3,2147.424,6960.805,3.241468,1.355374,1.171627
2,3,8,11,-20,3.5,416.7958,1374.412,3.297567,3.52817,2.80374
2,3,8,11,-20,3.6,1198.41,3950.697,3.296617,3.631842,2.841578
2,3,8,11,-20,4.7,1188.077,3846.257,3.237381,4.76965,3.91564
2,3,8,11,0,1.3,4420.014,14166.93,3.205177,1.336057,1.156623
3,1,1,1,40,0.7,6327.104,22722.43,3.591284,0.780659,0.873157
3,1,1,1,40,0.8,6437.917,23342.92,3.62585,0.832731,0.950717
3,1,1,1,40,0.9,3034.558,11310.44,3.727213,0.943282,0.995112
3,1,1,1,40,1,4094.603,15801.68,3.859148,1.064095,1.115329
3,1,1,1,40,1.1,8877.082,34524.12,3.889129,1.146465,1.193386
3,1,1,1,40,1.2,9347.159,36524.34,3.907533,1.256623,1.242994
3,1,1,1,40,1.3,10588.48,41595.25,3.928348,1.359744,1.288847
3,1,1,1,40,1.4,8415.043,33873.07,4.0253,1.457242,1.364537
3,1,1,1,40,1.5,2344.582,9428.545,4.021419,1.542635,1.371228
3,1,1,1,40,1.6,4175.081,16951.74,4.060219,1.639853,1.41618
3,1,1,1,40,1.7,1103.499,4388.079,3.976514,1.72713,1.454234
3,1,1,1,60,1,801.0757,3090.92,3.858462,1.02093,1.043609
3,1,1,1,60,1.1,1589.494,6229.313,3.919053,1.156009,1.122314
3,1,1,1,60,1.2,819.6899,3238.582,3.950984,1.260837,1.24053
3,1,1,1,60,1.3,15118.42,59090.69,3.908524,1.361796,1.264385
3,1,1,1,60,1.5,485.7819,1960.012,4.034758,1.501547,1.305318
3,1,1,1,60,1.7,1002.118,4074.533,4.065922,1.788827,1.632347
3,1,1,1,60,2.1,240.1428,968.2441,4.031951,2.126687,1.769199
3,1,1,1,80,1.3,2368.958,9320.973,3.934631,1.384149,1.290606
3,1,2,2,40,0.8,110.5194,397.1074,3.593101,0.85073,0.861697
3,1,2,2,40,1.5,443.2327,1760.401,3.971731,1.577217,1.35552
3,1,2,2,40,1.6,842.2668,3484.885,4.137507,1.669516,1.403537
3,1,2,2,40,1.7,1083.16,4440.627,4.099695,1.741753,1.444738
3,1,2,3,20,0.4,501.9485,1733.201,3.452946,0.463677,0.794978
3,1,2,3,20,0.5,176.8814,635.7709,3.594334,0.54406,0.826401
3,1,2,3,20,0.6,2978.01,10589.71,3.555967,0.628008,0.805715
3,1,2,3,20,0.7,11465.61,41717.44,3.638486,0.764078,0.900514
3,1,2,3,20,0.8,14779.48,54046.67,3.656872,0.85066,0.93458
3,1,2,3,20,0.9,18463.07,69498.25,3.764176,0.953782,1.029011
3,1,2,3,20,1,23164.55,88891.25,3.837384,1.04347,1.118361
3,1,2,3,20,1.1,11293.29,43331.7,3.836942,1.149552,1.22004
3,1,2,3,20,1.2,6873.316,26760.74,3.893425,1.248305,1.234898
3,1,2,3,20,1.3,11563.75,46025.4,3.980144,1.32847,1.266752
3,1,2,3,20,1.4,10807.15,44064.66,4.077363,1.473216,1.390316
3,1,2,3,20,1.5,7678.111,31388.53,4.088054,1.540384,1.407707
3,1,2,3,20,1.6,5464.301,22324.87,4.085585,1.63875,1.409784
3,1,2,3,20,1.7,704.6692,2825.13,4.009157,1.748084,1.488202
3,1,2,3,20,1.8,988.6139,4083.542,4.130573,1.808359,1.574552
3,1,2,4,0,0.3,3196.402,10394.98,3.252087,0.377757,0.640785
3,1,2,4,0,0.4,3109.231,10320.36,3.319263,0.465192,0.687821
3,1,2,4,0,0.5,6876.122,23941.68,3.481858,0.544379,0.734158
3,1,2,4,0,0.6,15875.44,56791.82,3.577339,0.673645,0.854121
3,1,2,4,0,0.7,6626.391,24340.3,3.673236,0.749724,0.910303
3,1,2,4,0,0.8,19511.18,71126.27,3.645411,0.836738,0.965493
3,1,2,4,0,0.9,2729.771,10660.06,3.905114,0.936907,1.05735
3,1,2,4,0,1,2173,8648.699,3.980072,1.030066,1.14956
3,1,2,4,0,1.1,1055.635,4147.566,3.928977,1.197882,1.10714
3,1,2,4,0,1.2,3864.89,15247.43,3.945113,1.249677,1.177067
3,1,2,4,0,1.3,1511.607,5857.465,3.874991,1.328487,1.143864
3,1,3,3,20,0.6,656.9275,2311.87,3.519217,0.682668,0.868765
3,1,3,3,20,0.7,1630.406,5784.39,3.547821,0.737419,0.879221
3,1,3,3,20,0.8,933.0536,3334.473,3.573721,0.850882,0.912137
3,1,3,3,20,0.9,1628.812,5983.197,3.673351,0.954805,1.000217
3,1,3,3,20,1,502.9694,1897.495,3.772586,1.053301,1.081351
3,1,3,3,20,1.1,149.5728,566.0789,3.784639,1.162311,1.185365
3,1,3,5,0,0.2,57.93839,197.801,3.413989,0.262981,0.720734
3,1,3,5,0,0.3,4943.332,17670.29,3.574572,0.359195,0.866324
3,1,3,5,0,0.4,4712.592,16051.11,3.406004,0.455424,0.8399
3,1,3,5,0,0.5,12909.88,45232.27,3.503693,0.547315,0.823693
3,1,3,5,0,0.6,6059.031,21518.69,3.551507,0.64815,0.837386
3,1,3,5,0,0.7,19025.07,68348.3,3.592539,0.749377,0.882553
3,1,3,5,0,0.8,17084.65,62659.05,3.667565,0.868702,0.907457
3,1,3,5,0,0.9,19736.59,73640.98,3.73119,0.955238,0.964202
3,1,3,5,0,1,14518.34,55149.28,3.798593,1.03458,1.016793
3,1,3,5,0,1.1,5417.515,21057.36,3.886903,1.134358,1.104626
3,1,3,5,0,1.4,1535.427,6139.306,3.998435,1.457915,1.176962
3,1,3,6,-20,0.2,2160.603,7251.249,3.356122,0.270453,0.693193
3,1,3,6,-20,0.3,12250.87,41002.08,3.34687,0.367891,0.664173
3,1,3,6,-20,0.4,6490.12,22490.17,3.465294,0.45127,0.7578
3,1,3,6,-20,0.5,11782.74,39595.33,3.360452,0.55391,0.789382
3,1,3,6,-20,0.6,20513.75,74193.51,3.61677,0.656248,0.850117
3,1,3,6,-20,0.7,6438.521,22831.97,3.546151,0.740068,0.868908
3,1,3,6,-20,0.8,2814.533,10873.3,3.863269,0.825995,0.920194
3,1,3,6,-20,0.9,2402.495,9582.893,3.988725,0.950659,0.997971
3,1,3,6,-20,1,570.8679,2202.064,3.857397,1.008601,0.997902
3,1,3,6,-20,1.1,1117.876,4395.631,3.932128,1.139053,1.080175
3,1,4,4,0,0.4,3138.774,10662.16,3.39692,0.472632,0.653924
3,1,4,4,0,0.5,4442.075,15193.29,3.420315,0.537986,0.808053
3,1,4,4,0,0.6,11710.99,40339.93,3.444623,0.658,0.784233
3,1,4,4,0,0.7,4103.934,14156.11,3.4494,0.739505,0.87396
3,1,4,4,0,0.8,4691.503,16589.57,3.536088,0.848832,0.912326
3,1,4,4,0,0.9,5526.181,20360.08,3.684294,0.947271,0.983871
3,1,4,4,0,1,5211.382,19625.04,3.765803,1.020973,0.968037
3,1,4,4,0,1.1,867.2257,3086.381,3.558913,1.136232,1.144631
3,1,4,5,-20,0.4,3101.733,10833.83,3.492832,0.484767,0.857416
3,1,4,5,-20,0.5,7343.729,25140.56,3.423405,0.559729,0.849232
3,1,4,5,-20,0.6,15341.44,51209.27,3.33797,0.642593,0.835427
3,1,4,5,-20,0.7,9297.583,32932.5,3.542049,0.768245,0.917543
3,1,4,5,-20,0.8,20819.05,74520.11,3.57942,0.853827,0.919921
3,1,4,5,-20,0.9,36266.98,134355.08,3.704612,0.955858,0.998688
3,1,4,5,-20,1,14146.92,53272.56,3.765665,1.012307,0.981057
3,1,4,5,-20,1.1,1158.374,4612.746,3.982087,1.145384,1.087783
3,1,4,5,-20,1.2,334.7443,1318.811,3.939758,1.200507,1.129912
3,1,5,6,-20,0.4,2987.633,9765.262,3.268562,0.47677,0.627105
3,1,5,6,-20,0.5,8835.878,29229.64,3.308063,0.556732,0.686102
3,1,5,6,-20,0.6,20820.13,69529.78,3.339546,0.659765,0.755149
3,1,5,6,-20,0.7,29365.04,103241.05,3.515781,0.754206,0.838725
3,1,5,6,-20,0.8,41448.83,151987.42,3.666869,0.847807,0.900068
3,1,5,6,-20,0.9,26463.77,97863.66,3.698024,0.934975,0.984475
3,1,5,6,-20,1,10932.69,40299.82,3.686177,1.036108,1.070276
3,1,5,6,-20,1.1,1283.839,4652.883,3.624194,1.122988,1.126706
3,1,5,6,0,0.3,3195.959,10127.45,3.168829,0.393879,0.587819
3,1,5,6,0,0.4,11501.32,37972.82,3.301605,0.439713,0.631403
3,1,5,6,0,0.5,3444.532,11635.48,3.377956,0.52643,0.698042
3,1,5,6,0,0.6,5303.197,17873.72,3.370367,0.65466,0.755451
3,1,5,6,0,0.7,2665.292,9186.365,3.446664,0.744341,0.828236
3,1,5,6,0,0.8,2320.124,8549.593,3.684973,0.854722,0.916781
3,1,5,6,0,0.9,1508.022,5716.063,3.790437,0.934221,1.008699
3,1,5,6,0,1,695.5513,2579.234,3.708187,1.037773,1.062292
3,1,5,6,0,1.1,4042.364,15338.39,3.794411,1.184593,1.195231
3,1,5,6,0,1.2,390.6326,1410.083,3.609743,1.20279,1.206097
3,1,5,6,0,1.3,980.204,3695.958,3.7706,1.374576,1.377833
3,1,5,8,-40,0.4,1197.313,4126.101,3.446134,0.48946,0.753788
3,1,5,8,-40,0.5,1127.13,3948.006,3.502706,0.570902,0.804513
3,1,5,8,-40,0.6,6122.678,20337.16,3.321612,0.63555,0.746556
3,1,5,8,-40,0.7,10962.04,38248.67,3.489193,0.756106,0.888153
3,1,5,8,-40,0.8,8827.758,31533.41,3.572075,0.835159,0.954893
3,1,5,8,-40,0.9,557.0221,2074.311,3.723929,0.929025,0.936382
3,1,5,8,-40,1.4,877.0172,3560.69,4.06,1.404111,1.335418
3,1,6,8,0,1.3,221.505,889.9166,4.017592,1.396435,1.416689
3,1,6,9,-40,0.4,2488.442,7740.727,3.110672,0.473887,0.643685
3,1,6,9,-40,0.5,15233.27,49152.51,3.226654,0.54839,0.663444
3,1,6,9,-40,0.6,10048.02,32541.73,3.238623,0.65644,0.873754
3,1,6,9,-40,0.7,8901.419,30032.22,3.373869,0.737397,0.950082
3,1,6,9,-40,0.8,11784.25,40666.21,3.450896,0.852073,1.048038
3,1,6,9,-40,0.9,7122.323,25250.2,3.545219,0.956401,1.12034
3,1,6,9,-40,1,285.7513,1036.536,3.627407,1.050137,1.371346
3,1,6,9,-40,1.1,141.3116,533.2499,3.773574,1.104063,1.468568
3,1,6,9,-20,0.3,55.52902,172.1635,3.100423,0.367792,0.573638
3,1,6,9,-20,0.4,7740.765,24898.79,3.21658,0.47329,0.606741
3,1,6,9,-20,0.5,15931.16,53655.09,3.367934,0.540595,0.696359
3,1,6,9,-20,0.6,3294.401,10874.43,3.300884,0.68701,0.775043
3,1,6,9,-20,0.7,5193.242,18065.99,3.478751,0.746068,0.827276
3,1,6,9,-20,0.8,2783.786,10285.68,3.694852,0.851098,0.906045
3,1,6,9,-20,0.9,2694.506,10027.9,3.72161,0.950624,1.074999
3,1,6,9,-20,1,5402.094,19858.14,3.676009,1.036758,1.099987
3,1,6,9,-20,1.3,269.8692,1047.863,3.882853,1.332041,1.33986
3,1,7,10,-20,1,55.97992,214.8264,3.837562,1.094556,1.355329
3,1,7,10,-20,1.1,1319.707,5100.78,3.865086,1.152017,1.189254
3,1,7,10,-20,1.2,2297.422,9133.243,3.975431,1.267707,1.30369
3,1,7,10,-20,1.3,1714.976,6910.15,4.029299,1.349538,1.405432
3,1,7,10,-20,1.4,2734.513,11153.45,4.078771,1.434476,1.487156
3,1,7,10,-20,1.5,1032.886,4603.729,4.457149,1.559766,1.631309
3,1,7,10,0,1.1,884.5139,3362.11,3.801082,1.15948,1.190883
3,1,7,10,0,1.3,326.9836,1282.53,3.922305,1.399822,1.426549
3,1,7,11,-40,0.7,3455.698,12270.65,3.550845,0.761847,0.942517
3,1,7,11,-40,0.8,2882.682,10288.12,3.568938,0.867765,1.023034
3,1,7,11,-40,0.9,276.7677,961.7606,3.474974,0.979121,1.19248
3,1,7,11,-40,1,5755.734,22265.02,3.86832,1.063634,1.195438
3,1,7,11,-40,1.1,1834.338,7403.985,4.036325,1.15093,1.290016
3,1,7,11,-40,1.2,1624.435,7217.946,4.443357,1.219988,1.325445
3,1,7,11,-40,1.3,2435.382,10829.13,4.446585,1.343761,1.413751
3,1,8,11,-40,0.5,3569.214,12766.26,3.57677,0.561664,0.850097
3,1,8,11,-40,0.6,3135.426,11326.97,3.612579,0.657942,0.9361
3,1,8,11,-40,0.7,434.6962,1722.418,3.962349,0.739346,1.024928
3,1,8,11,-40,0.8,1406.9,5406.792,3.843053,0.873444,0.999972
3,1,8,11,-40,0.9,171.1853,603.7006,3.526591,0.923634,1.040541
3,1,8,11,-40,1,2829.854,9988.686,3.529754,1.044365,1.261184
3,1,8,11,-40,1.2,227.7306,919.3847,4.03716,1.268351,1.310055
3,1,8,11,-40,1.3,1116.899,4914.579,4.400199,1.393075,1.458276
3,1,8,11,-40,1.4,1476.667,6485.607,4.392058,1.474756,1.55348
3,1,8,11,-40,1.5,1594.173,7077.291,4.439474,1.55628,1.634309
3,1,8,11,-40,1.6,1116.899,4984.433,4.462742,1.669248,1.759301
3,1,8,11,-40,1.7,3062.304,13649.85,4.45738,1.753001,1.846626
3,1,8,11,-40,1.8,2693.25,12128.54,4.503311,1.866104,1.967946
3,1,8,11,-40,1.9,1365.178,6122.406,4.484694,1.963403,2.066224
3,1,8,11,-40,2,219.0826,987.1945,4.506037,2.027124,2.136949
3,1,8,11,-40,2.1,332.5783,1514.544,4.553946,2.114225,2.218904
3,1,8,11,-20,0.6,211.2762,722.0239,3.41744,0.695854,0.770952
3,1,8,11,-20,0.7,381.9397,1341.667,3.512771,0.727635,0.864836
3,1,8,11,-20,0.8,2989.97,10952.58,3.663108,0.845753,0.939517
3,1,8,11,-20,0.9,3520.258,13141.06,3.732982,0.971247,1.062936
3,1,8,11,-20,1,3498.417,13197.21,3.772337,1.044873,1.120052
3,1,8,11,-20,1.1,3020.249,11440.63,3.787974,1.136335,1.173707
3,1,8,11,-20,1.2,787.2986,3052.881,3.877666,1.233175,1.292554
3,1,8,11,-20,1.3,5372.429,21452.53,3.993078,1.359716,1.428676
3,1,8,11,-20,1.4,2847.532,11517.3,4.04466,1.428502,1.466871
3,1,8,11,-20,1.5,2203.783,9109.725,4.133677,1.533304,1.598344
3,1,8,11,-20,1.6,2212.508,9624.999,4.350267,1.665253,1.761373
3,1,8,11,-20,1.7,1088.629,4692.043,4.310047,1.738788,1.811993
3,1,8,11,-20,1.8,1975.195,8844.027,4.477547,1.891025,1.982414
3,1,8,11,-20,1.9,3391.144,15185.31,4.477932,1.920469,2.01534
3,1,8,11,-20,2,413.1943,1887.516,4.568108,2.059095,2.180562
3,1,8,11,0,0.6,4036.37,14443.06,3.578229,0.653127,0.855137
3,1,8,11,0,0.7,12298.05,43327.89,3.52315,0.756778,0.884574
3,1,8,11,0,0.8,7448.038,28385.11,3.811086,0.844252,0.969559
3,1,8,11,0,0.9,4832.835,17917.92,3.707539,0.921307,0.952948
3,1,8,11,0,1,7104.241,26594.96,3.743532,1.04027,1.078732
3,1,8,11,0,1.1,4846.216,18427.86,3.802526,1.142743,1.171795
3,1,8,11,0,1.3,326.2695,1112.645,3.410202,1.391237,1.477539
3,1,8,11,20,0.7,4494.189,16200.89,3.604853,0.76983,0.865846
3,1,8,11,20,0.8,5548.008,20195.65,3.640162,0.842916,0.927378
3,1,8,11,20,0.9,4041.813,14776.36,3.655873,0.935921,0.991458
3,1,8,11,20,1.1,221.9162,873.8987,3.937967,1.167427,1.1876
3,1,8,11,40,1.3,1283.574,5083.386,3.960338,1.385854,1.22959
3,1,8,11,40,1.4,220.2087,878.1438,3.987779,1.412933,1.230566
3,2,5,6,0,0.5,2249.23,7672.112,3.410995,0.569067,0.753431
3,2,5,6,0,0.6,1440.98,5017.061,3.481701,0.629248,0.795279
3,2,5,6,0,0.9,29.58755,109.3333,3.695247,0.997933,1.034442
3,2,6,8,0,0.4,3811.592,12295.63,3.225852,0.470392,0.66759
3,2,6,8,0,0.5,5795.438,19650.6,3.390701,0.562158,0.680646
3,2,6,8,0,0.6,9266.423,31988.84,3.452123,0.654159,0.744017
3,2,6,8,0,0.7,8472.448,30267.79,3.572496,0.737894,0.815447
3,2,6,8,0,0.8,3458.405,12725.64,3.679627,0.848377,0.9008
3,2,6,8,0,0.9,2958.755,10992.81,3.71535,0.968388,0.992542
3,2,6,8,0,1,1802.25,6923.397,3.84153,1.029845,1.03206
3,2,6,8,0,1.4,101.6464,422.2513,4.154118,1.493532,1.309613
3,2,6,8,0,1.7,1146.023,3862.525,3.370374,1.784515,1.627465
3,2,6,8,0,1.8,1158.411,3873.466,3.343776,1.864577,1.698739
3,2,6,8,0,1.9,1157.634,4264.33,3.68366,1.994551,1.775612
3,2,6,8,0,2.2,153.8391,578.8793,3.762888,2.271001,2.008548
3,2,6,8,0,2.3,148.761,562.3988,3.780553,2.340246,2.049406
3,2,6,8,0,2.4,1578.24,5949.384,3.769633,2.444774,2.130069
3,2,6,8,0,2.6,148.761,562.9244,3.784086,2.668716,2.29775
3,2,6,9,-40,0.6,501.4343,1668.641,3.327736,0.696563,0.793954
3,2,6,9,-40,0.7,2901.139,9713.594,3.3482,0.764732,0.829902
3,2,6,9,-40,0.8,6394.767,22075.55,3.452127,0.822176,0.896899
3,2,6,9,-40,0.9,3465.181,12673.99,3.657527,0.936393,0.97738
3,2,6,9,-40,1,4468.681,16501.26,3.692647,1.043039,1.068752
3,2,6,9,-40,1.1,3495.354,13654.4,3.906441,1.163484,1.167604
3,2,6,9,-40,1.2,2863.589,10874.01,3.797337,1.231647,1.144569
3,2,6,9,-20,0.5,1697.486,5698.407,3.356968,0.561358,0.721949
3,2,6,9,-20,0.6,6567.535,22933.24,3.49191,0.672648,0.797244
3,2,6,9,-20,0.7,16654.87,59539.34,3.574892,0.746861,0.833317
3,2,6,9,-20,0.8,15393.6,56208.92,3.651447,0.851091,0.88944
3,2,6,9,-20,0.9,12094.77,45046.14,3.724431,0.940613,0.967986
3,2,6,9,-20,1,28685.59,106037.72,3.69655,1.045472,1.050244
3,2,6,9,-20,1.1,10783.59,41892.8,3.884865,1.141568,1.126616
3,2,6,9,-20,1.2,211.3464,814.3303,3.853059,1.277404,1.178719
3,2,6,9,-20,1.3,1359.846,5612.985,4.127661,1.312616,1.211749
3,2,6,9,-20,1.4,3404.303,14058.67,4.129676,1.467976,1.294414
3,2,6,9,-20,1.6,119.397,499.6973,4.185176,1.604613,1.389522
3,2,6,9,-20,1.7,56.43616,232.2002,4.114387,1.790463,1.622882
3,2,6,9,-20,1.9,1205.307,3974.155,3.297214,1.906825,1.742843
3,2,6,9,-20,2.1,412.5366,1554.065,3.767097,2.157914,1.895516
3,2,6,9,-20,2.3,359.6672,1415.685,3.936096,2.313923,2.178166
3,2,6,9,-20,4.2,1230.248,5316.45,4.321445,4.285132,3.552841
3,2,7,10,-20,0.6,2822.547,9767.753,3.460616,0.671626,0.764725
3,2,7,10,-20,0.7,5029.829,17730.7,3.525109,0.730933,0.806422
3,2,7,10,-20,0.8,1936.007,7023.456,3.627805,0.844692,0.872546
3,2,7,10,-20,0.9,384.5467,1482.444,3.855044,0.964242,0.999014
3,2,7,10,-20,1,307.782,1146.436,3.72483,1.039868,0.999248
3,2,7,10,-20,1.1,162.3878,672.0009,4.138246,1.196704,1.194977
3,2,7,10,-20,1.4,1769.494,7341.459,4.148903,1.491706,1.30821
3,2,7,10,-20,1.6,295.05,1045.673,3.544052,1.672705,1.534127
3,2,7,10,-20,1.7,291.1743,932.5897,3.202857,1.758003,1.596863
3,2,7,10,-20,1.9,295.05,1015.909,3.443174,1.982039,1.746226
3,2,7,10,-20,2,374.4766,1281.443,3.421958,2.079764,1.833966
3,2,7,10,-20,2.1,355.1208,1232.55,3.47079,2.169022,1.88725
3,2,7,10,-20,2.2,407.9407,1442.219,3.535365,2.268401,2.02797
3,2,7,10,-20,2.3,675.2723,2447.139,3.62393,2.378513,2.097738
3,2,7,10,-20,2.4,662.2574,2528.041,3.817308,2.421263,2.119066
3,2,7,10,-20,2.5,195.9297,764.9962,3.904442,2.574361,2.320491
3,2,7,10,-20,2.7,1270.998,4894.812,3.851157,2.742071,2.360358
3,2,7,10,-20,3.1,30.25208,114.7099,3.791802,3.117381,2.634799
3,2,7,10,-20,3.2,1303.815,5077.071,3.894013,3.243059,2.840327
3,2,7,10,-20,3.4,109.6954,444.4368,4.051553,3.464748,3.048801
3,2,7,10,-20,3.5,1148.591,4380.742,3.814015,3.577583,3.044338
3,2,7,10,-20,3.6,676.0261,2814.51,4.163316,3.685783,3.154552
3,2,7,10,-20,3.8,626.6121,2656.585,4.2396,3.822541,3.298812
3,2,7,10,-20,3.9,645.0782,2665.134,4.131489,3.985704,3.399431
3,2,7,10,-20,4.1,1309.837,5879.911,4.489039,4.143182,3.487327
3,2,7,10,-20,4.3,1103.482,4257.974,3.858671,4.325549,3.593626
3,2,7,10,-20,4.4,487.0667,2101.087,4.313757,4.455962,3.721136
3,2,7,10,-20,4.6,668.4272,2839.687,4.248312,4.617439,3.872746
3,2,7,10,-20,4.7,80.93872,323.8647,4.001357,4.776855,3.951302
3,2,7,10,-20,4.8,64.57214,280.4532,4.343254,4.849037,4.01803
3,2,7,10,-20,5,2559.357,11296.02,4.413615,5.039329,4.145726
3,2,7,10,-20,5.2,506.6483,2205.209,4.352545,5.280903,4.360909
3,2,7,10,-20,5.6,74.69482,326.9791,4.377533,5.608682,4.612821
3,2,7,10,-20,6.3,993.7149,4351.104,4.378623,6.357628,5.136343
3,2,7,10,0,0.3,96.0495,315.8034,3.287923,0.386768,0.551315
3,2,7,10,0,0.4,2691.54,8966.429,3.331338,0.463931,0.60049
3,2,7,10,0,0.5,51.67923,172.9537,3.346678,0.507402,0.629857
3,2,7,10,0,0.6,897.9553,3127.242,3.482625,0.659333,0.758531
3,2,7,10,0,1.8,1266.653,4136.531,3.265718,1.8149,1.641581
3,2,7,10,0,1.9,1224.858,3887.625,3.173939,1.960511,1.78019
3,2,7,10,0,2,1266.653,4735.71,3.73876,2.068963,1.859285
3,2,7,10,0,2.2,63.37585,229.2768,3.617731,2.25009,1.980599
3,2,7,10,0,2.5,976.3123,3732.906,3.823475,2.517816,2.214098
3,2,7,10,0,2.6,1403.566,5103.153,3.635849,2.65469,2.280388
3,2,7,10,0,2.7,971.3043,3665.22,3.773503,2.779587,2.389937
3,2,7,10,0,2.8,2097.267,7488.312,3.570509,2.869414,2.45465
3,2,7,10,0,3,1945.306,7349.633,3.778136,3.05137,2.601632
3,2,7,10,0,3.4,319.6762,1212.801,3.793843,3.426957,2.878627
3,2,7,10,0,3.5,33.08334,130.6112,3.947944,3.588846,3.016336
3,2,7,11,-40,0.6,3770.883,13418.76,3.558519,0.647557,0.810586
3,2,7,11,-40,0.7,17755.48,64802.46,3.649716,0.759642,0.850621
3,2,7,11,-40,0.8,3897.607,14265.45,3.660054,0.811652,0.922832
3,2,7,11,-40,0.9,2013.477,7765.197,3.856612,0.942201,0.99735
3,2,7,11,-40,1,250.3151,971.9233,3.882799,1.015706,1.032746
3,2,7,11,-40,1.2,219.4084,801.2443,3.651839,1.264689,1.321895
3,2,7,11,-40,1.3,2454.919,9136.969,3.721902,1.347988,1.388583
3,2,7,11,-40,1.4,3490.958,13439.82,3.849894,1.451418,1.437239
3,2,7,11,-40,1.5,3969.111,15967.27,4.022884,1.573822,1.513944
3,2,7,11,-40,1.6,97.40753,384.7784,3.950191,1.640035,1.615851
3,2,7,11,-40,1.7,2855.415,11526.35,4.036663,1.737864,1.751124
3,2,7,11,-40,1.8,2182.764,8569.258,3.925875,1.817116,1.862535
3,2,7,11,-40,2,1651.836,6782.438,4.106,2.035928,1.96296
3,2,7,11,-40,2.2,5580.322,22637.6,4.056683,2.261256,2.139477
3,2,7,11,-40,2.3,2629.749,10967.22,4.170444,2.326612,2.225914
3,2,7,11,-40,2.4,3892.312,16120.12,4.14153,2.471414,2.378965
3,2,7,11,-40,2.5,6867.124,27697.71,4.033379,2.56412,2.371452
3,2,7,11,-40,2.6,2779.701,11300.68,4.065431,2.688673,2.424828
3,2,7,11,-40,2.7,1535.901,6299.144,4.101269,2.761098,2.548919
3,2,7,11,-40,2.8,4006.052,16708.26,4.170754,2.838732,2.598692
3,2,7,11,-40,2.9,2304.711,9592.672,4.162201,2.942838,2.627516
3,2,7,11,-40,3,566.6405,2328.001,4.108428,3.040804,2.790841
3,2,7,11,-40,3.1,2016.307,8436.563,4.184167,3.123601,2.797374
3,2,7,11,-40,3.2,2606.718,11054.37,4.240722,3.223223,2.855696
3,2,7,11,-40,3.3,3280.821,13825.86,4.214148,3.345054,2.95747
3,2,7,11,-40,3.4,1481.453,6263.721,4.228093,3.463769,3.051553
3,2,7,11,-40,3.5,2504.624,10559.11,4.215848,3.540715,3.082694
3,2,7,11,-40,3.6,1151.372,4901.387,4.256997,3.656385,3.163938
3,2,7,11,-40,3.7,393.6325,1677.865,4.262517,3.750678,3.203538
3,2,7,11,-40,3.8,310.1868,1312.861,4.232485,3.859179,3.322864
3,2,7,11,-40,3.9,70.87326,295.1534,4.164524,3.992837,3.439166
3,2,7,11,-40,4,533.3817,2272.247,4.260077,4.060561,3.474313
3,2,7,11,-40,4.1,141.7465,608.9079,4.295752,4.111047,3.497027
3,2,7,11,-40,4.2,335.5377,1434.288,4.274595,4.281622,3.635243
3,2,7,11,-40,4.4,272.5983,1134.296,4.161052,4.499471,3.73362
3,2,7,11,-40,4.5,639.6484,2732.02,4.271127,4.568324,3.860013
3,2,7,11,-40,4.7,410.2348,1730.931,4.219366,4.795943,3.962254
3,2,7,11,-40,5.2,71.95282,303.297,4.215221,5.205033,4.367459
3,2,8,11,-60,0.8,92.36031,348.0376,3.768259,0.891087,0.959141
3,2,8,11,-60,0.9,1826.152,7232.333,3.960421,0.988158,1.096351
3,2,8,11,-60,1.1,989.2681,4037.132,4.080928,1.152264,1.249507
3,2,8,11,-60,1.4,1849.924,7554.55,4.083708,1.423188,1.480826
3,2,8,11,-60,1.6,1380.828,5771.706,4.179886,1.685283,1.680285
3,2,8,11,-60,1.8,1531.956,6400.84,4.178214,1.818931,1.815051
3,2,8,11,-60,2,2879.163,12066.21,4.190875,2.027424,1.946144
3,2,8,11,-60,2.1,91.75644,397.1591,4.328406,2.154298,2.020189
3,2,8,11,-60,2.2,1457.048,6030.107,4.138579,2.209496,2.085333
3,2,8,11,-60,2.4,1177.623,4935.76,4.191292,2.419178,2.351072
3,2,8,11,-60,2.6,2700.709,10633.64,3.937353,2.651933,2.417166
3,2,8,11,-60,2.7,119.4645,484.3242,4.054127,2.732071,2.39745
3,2,8,11,-60,3,509.0378,2155.78,4.23501,3.004442,2.673029
3,2,8,11,-60,3.8,750.3384,3083.475,4.109446,3.85497,3.335548
3,2,8,11,-60,4.2,14.63318,59.99088,4.099648,4.251907,3.620366
3,2,8,11,-40,0.7,309.3552,1112.438,3.59599,0.745104,0.813635
3,2,8,11,-40,0.9,1192.794,4328.663,3.629011,0.982386,1.006206
3,2,8,11,-40,1,458.02,1750.052,3.820907,1.087621,1.053552
3,2,8,11,-40,1.1,1218.928,4601.826,3.775305,1.10605,1.070104
3,2,8,11,-40,1.2,1211.38,4631.709,3.823498,1.230963,1.147207
3,2,8,11,-40,1.3,1500.603,6201.956,4.132977,1.388592,1.237311
3,2,8,11,-40,1.4,3060.343,12657.8,4.136074,1.41893,1.256746
3,2,8,11,-20,0.7,1153.655,4173.728,3.617829,0.746572,0.831918
3,2,8,11,-20,0.8,993.8735,3636.62,3.659037,0.841558,0.912306
3,2,8,11,-20,0.9,149.9146,556.0828,3.709332,0.968127,1.00585
3,2,8,11,-20,1.2,1673.644,6532.796,3.903338,1.236653,1.150108
3,2,8,11,-20,1.4,169.8639,700.1042,4.12156,1.450498,1.282737
3,2,8,11,-20,1.5,4302.469,17843.23,4.147207,1.532185,1.339131
3,2,8,11,-20,1.6,2585.879,10843.32,4.193281,1.639213,1.416589
3,3,6,7,20,0.8,579.6951,2115.254,3.648907,0.827511,0.891063
3,3,6,7,20,0.9,467.2226,1752.665,3.751241,0.977074,0.971655
3,3,6,7,20,1,2101.014,7935.022,3.776759,1.048275,1.023484
3,3,6,7,20,1.1,342.7315,1330.083,3.880831,1.10896,1.072118
3,3,6,8,0,0.6,868.9385,3062.813,3.524776,0.687611,0.754262
3,3,6,8,0,0.7,846.0717,3025.339,3.575748,0.730166,0.816514
3,3,6,8,0,0.8,1052.405,3859.302,3.667126,0.861716,0.919615
3,3,6,8,0,1,929.4204,3563.667,3.834289,1.044632,1.024818
3,3,6,8,0,1.1,428.7247,1911.85,4.459389,1.174403,1.132447
3,3,7,10,-20,0.5,1257.459,4210.106,3.348106,0.513749,0.632893
3,3,7,10,-20,1.1,707.5394,2930.456,4.141757,1.17636,1.134095
3,3,7,10,-20,1.4,989.9475,4105.055,4.14674,1.493811,1.309431
3,3,7,10,-20,2.2,1322.546,5331.455,4.031204,2.225355,2.116162
3,3,7,10,-20,2.5,270.4811,1068.936,3.951979,2.538495,2.300084
3,3,7,10,-20,2.7,997.686,4081.284,4.09075,2.778235,2.394714
3,3,7,10,-20,2.8,290.9111,1219.384,4.191604,2.855336,2.451925
3,3,7,10,-20,4.2,20.43076,88.30884,4.322348,4.299761,3.565404
3,3,7,10,-20,4.3,1690.649,7212.541,4.266136,4.345828,3.630043
3,3,7,10,-20,4.6,970.549,4203.408,4.330959,4.667796,3.858451
3,3,7,10,-20,4.7,108.0864,467.7088,4.327175,4.738968,3.904059
3,3,7,10,0,0.3,1789.036,5688.848,3.17984,0.393215,0.544627
3,3,7,10,0,0.4,3273.242,11059.12,3.378644,0.477727,0.609008
3,3,7,10,0,0.5,953.1182,3185.603,3.342296,0.500334,0.623844
3,3,7,10,0,0.6,87.16431,304.9059,3.498059,0.656873,0.733634
3,3,7,10,0,0.7,6523.787,23161,3.550239,0.715305,0.818472
3,3,7,10,0,0.8,738.3125,2696.21,3.651855,0.838394,0.907374
3,3,7,10,0,0.9,820.5872,3131.13,3.815719,0.978999,0.993798
3,3,7,10,0,1,1277.15,4918.703,3.851312,1.037688,1.022493
3,3,7,10,0,1.1,906.0219,3507.68,3.871519,1.115975,1.075117
3,3,7,10,0,1.6,852.538,3289.266,3.858204,1.68295,1.523278
3,3,7,10,0,1.9,1174.638,4409.896,3.754259,1.958847,1.755032
3,3,7,10,0,2,11026.92,41464.03,3.760255,2.011863,1.796186
3,3,7,10,0,2.1,3830.157,14399.27,3.759446,2.115737,1.883345
3,3,7,10,0,2.2,7972.052,30721.34,3.85363,2.237279,2.031644
3,3,7,10,0,2.4,1640.316,4907.646,2.991891,2.465401,2.15189
3,3,7,10,0,2.9,485.2594,1829.285,3.769705,2.910582,2.474542
3,3,7,10,0,4,1526.402,5864.528,3.842059,4.025716,3.360088
3,3,7,10,0,4.5,145.9106,632.2762,4.333311,4.559717,3.782222
3,3,7,10,0,5.5,809.4459,3143.164,3.883106,5.516137,4.46623
3,3,7,10,20,0.4,37.67146,141.3106,3.751131,0.404511,0.557715
3,3,7,10,20,0.5,373.4014,1374.228,3.680296,0.515285,0.633591
3,3,7,10,20,0.6,786.4689,2891.586,3.67667,0.645986,0.734162
3,3,7,10,20,0.7,90.57465,325.0698,3.588971,0.713178,0.798433
3,3,7,10,20,0.8,290.5885,1095.993,3.771631,0.883697,0.898024
3,3,7,10,20,0.9,2681.985,10064.57,3.752657,0.974501,0.96706
3,3,7,10,20,1,237.3337,886.6001,3.735669,1.067792,1.010798
3,3,7,10,20,1.1,930.7841,3550.711,3.814753,1.134862,1.079576
3,3,7,10,20,1.4,523.3151,1971.894,3.768082,1.449564,1.288957
3,3,7,10,20,1.9,92.58115,348.8116,3.767631,1.92558,1.733999
3,3,7,10,20,2.2,136.6309,519.1498,3.799651,2.283707,2.002239
3,3,7,10,20,2.4,27.66092,104.3714,3.773245,2.443849,2.125755
3,3,7,10,20,2.5,111.321,426.1537,3.828153,2.517616,2.176752
3,3,7,10,20,2.9,14.23141,53.69739,3.773159,2.910582,2.474542
3,3,7,11,-40,2.2,172.2576,720.8556,4.184753,2.258741,2.232347
3,3,7,11,-40,2.3,130.7983,547.6401,4.186904,2.35092,2.3067
3,3,7,11,-40,3.1,371.7853,1573.115,4.231246,3.156554,2.840398
3,3,7,11,-40,3.2,627.1339,2659.36,4.240497,3.268563,2.909168
3,3,7,11,-40,3.4,653.1318,2774.87,4.248561,3.476088,3.044198
3,3,7,11,-40,3.5,1238.863,5270.841,4.254578,3.589177,3.130273
3,3,7,11,-40,3.6,504.0825,2143.652,4.252582,3.61805,3.164484
3,3,7,11,-40,3.7,549.099,2258.32,4.112773,3.777776,3.249328
3,3,7,11,-40,3.8,315.7616,1338.827,4.239994,3.834843,3.310049
3,3,7,11,-40,5.2,653.1318,2754.593,4.217514,5.277229,4.444446
3,3,8,11,-40,1.9,353.8384,1484.562,4.195593,1.942903,1.927545
3,3,8,11,-40,2.4,446.1949,1869.428,4.189712,2.483398,2.414018
3,3,8,11,-40,2.5,137.5378,576.3813,4.190713,2.516221,2.441124
3,3,8,11,-40,2.7,4912.14,20418.63,4.15677,2.739793,2.417392
3,3,8,11,-40,3.6,924.6711,3841.041,4.153953,3.638241,3.173302
3,3,8,11,-40,4.2,1434.687,6196.212,4.31886,4.264174,3.533541
3,3,8,11,-40,4.3,278.6743,1204.312,4.321576,4.307261,3.569862
3,3,8,11,-20,1.5,1852.573,7682.559,4.146967,1.509231,1.320978
3,3,8,11,-20,2.5,2155.894,8501.935,3.943578,2.534899,2.292481
3,3,8,11,-20,2.6,85.72998,342.4869,3.994949,2.659518,2.333114
3,3,8,11,-20,2.7,505.3085,2066.079,4.088747,2.778235,2.394714
3,3,8,11,-20,3.6,643.313,2564.72,3.986738,3.638241,3.173302
4,0,1,1,40,0,29181.2,92796.2,3.18,0,0
4,0,1,1,60,0,74655.03,237403,3.18,0,0
4,0,1,1,80,0,216810.06,689456,3.18,0,0
4,0,1,1,100,0,409771.41,1303073,3.18,0,0
4,0,1,1,120,0,128807.38,409607.41,3.179999,0,0
4,0,1,1,140,0,48275.29,153515.39,3.18,0,0
4,0,1,1,160,0,26654.32,84760.75,3.18,0,0
4,0,2,1,160,0,3264.16,10380.03,3.18,0,0
4,0,2,2,60,0,8000,25440,3.18,0,0
4,0,2,2,80,0,8000,25440,3.18,0,0
4,0,2,2,100,0,8000,25440,3.18,0,0
4,0,2,2,120,0,11934.34,37951.2,3.18,0,0
4,0,2,2,140,0,8108.648,25785.5,3.18,0,0
4,0,2,3,20,0,22904.84,72837.4,3.18,0,0
4,0,2,4,0,0,12792.54,40680.29,3.18,0,0
4,0,3,2,120,0,8000,25440,3.18,0,0
4,0,3,2,140,0,9732.873,30950.54,3.18,0,0
4,0,3,2,160,0,11095.65,35284.18,3.18,0,0
4,0,3,3,20,0,162.4664,516.6432,3.18,0,0
4,0,3,5,0,0,2698.935,8582.613,3.18,0,0
4,0,3,6,-20,0,21457.61,68235.22,3.180001,0,0
4,0,4,3,160,0,71.10596,226.1169,3.18,0,0
4,0,4,3,180,0,4376.049,13915.84,3.18,0,0
4,0,4,4,0,0,163.8977,521.1947,3.18,0,0
4,0,4,5,-20,0,22170.54,70502.32,3.18,0,0
4,0,5,4,180,0,14405.51,45809.51,3.18,0,0
4,0,5,5,160,0,38981.62,123961.56,3.18,0,0
4,0,5,6,-20,0,36421.58,115820.64,3.18,0,0
4,0,5,6,0,0,1259.676,4005.769,3.18,0,0
4,0,5,8,-40,0,26329.02,83726.3,3.18,0,0
4,0,6,6,160,0,13087.38,41617.86,3.18,0,0
4,0,6,7,20,0,130.4657,414.8809,3.18,0,0
4,0,6,7,140,0,15899.9,50561.67,3.18,0,0
4,0,6,8,0,0,5205.75,16554.28,3.18,0,0
4,0,6,9,-40,0,55290.59,175824.09,3.18,0,0
4,0,6,9,-20,0,65336.02,207768.53,3.18,0,0
4,0,7,8,140,0,23949.93,76160.79,3.18,0,0
4,0,7,10,-20,0,52447.27,166782.33,3.18,0,0
4,0,7,10,0,0,16946.12,53888.66,3.18,0,0
4,0,7,10,20,0,1854.64,5897.753,3.18,0,0
4,0,7,11,-40,0,29995.62,95386.08,3.18,0,0
4,0,8,11,-60,0,22629.71,71962.49,3.180001,0,0
4,0,8,11,-40,0,58264.21,185280.19,3.18,0,0
4,0,8,11,-20,0,45004.62,143114.72,3.18,0,0
4,0,8,11,0,0,22867.89,72719.88,3.18,0,0
4,0,8,11,20,0,7409.564,23562.42,3.18,0,0
4,0,8,11,40,0,13095.02,41642.15,3.18,0,0
4,0,8,11,60,0,17296.75,55003.67,3.18,0,0
4,0,8,11,80,0,29980.91,95339.3,3.18,0,0
4,0,8,11,100,0,51027.21,162266.52,3.18,0,0
4,0,8,11,120,0,55485.59,176444.19,3.18,0,0
4,0,8,11,140,0,16000,50880,3.18,0,0
