BHID,SAMPNO,FROM,TO,AU,CU,DENSITY
VB2675,VB2675-01,215.6369,217.8869,,,2.62
VB2675,VB2675-02,217.8869,219.8869,,,2.65
VB2675,VB2675-03,219.8869,221.8869,,,2.65
VB2675,VB2675-04,221.8869,223.8869,,,2.66
VB2675,VB2675-05,223.8869,225.8869,,,2.66
VB2675,VB2675-06,225.8869,226.187,,,2.66
VB2675,VB2675-07,227.8869,229.8869,0.63,0.7,  
VB2675,VB2675-08,229.8869,231.8869,0.56,0.6,  
VB2675,VB2675-09,231.8869,233.8869,0.7,0.7,   
VB2675,VB2675-10,233.8869,235.8869,0.42,0.5,  
VB2675,VB2675-11,235.8869,237.8869,0.98,0.9,  
VB2675,VB2675-12,237.8869,239.8869,2.45,1.9,2.8
VB2675,VB2675-13,239.8869,241.8869,2.03,1.6,  
VB2675,VB2675-14,241.8869,243.8869,2.38,1.9,2.8
VB2675,VB2675-15,243.8869,245.8869,15.19,20.3,4.09
VB2675,VB2675-16,245.8869,247.8869,0.7,0.7,3.21
VB2675,VB2675-17,247.8869,249.8869,1.06,1,3.85
VB2675,VB2675-18,249.8869,251.8869,1.25,1.2,4.18
VB2675,VB2675-19,251.8869,253.8869,1.41,1.3,4.25
VB2675,VB2675-20,253.8869,255.8869,1.42,1.3,4.25
VB2675,VB2675-21,255.8869,257.887,0.63,0.7,3.22
VB2675,VB2675-22,267.887,269.887,0.02,,   
VB2675,VB2675-23,321.887,323.887,0.13,,2.76
VB2675,VB2675-24,323.887,324.937,0.23,,2.91
VB2675,VB2675-25,324.937,330.887,,,2.93
VB2737,VB2737-01,80.03728,138.8373,,,2.66
VB2737,VB2737-02,138.8373,140.5373,0.31,0.5,  
VB2737,VB2737-03,142.5373,144.5373,20.65,9.8,3.879
VB2737,VB2737-04,144.5373,146.5373,4.41,2.4,3.01
VB2737,VB2737-05,146.5373,148.5373,2.24,1.4,  
VB2737,VB2737-06,148.5373,150.5373,4.34,2.5,3.04
VB2737,VB2737-07,150.5373,152.5373,0.28,0.5,  
VB2737,VB2737-08,152.5373,154.5373,1.89,1.3,  
VB2737,VB2737-09,154.5373,156.5373,1.26,1,  
VB2737,VB2737-10,156.5373,158.5373,0.42,0.5,  
VB2737,VB2737-11,158.5373,160.5373,0.28,0.5,  
VB2737,VB2737-12,160.5373,162.5373,2.66,1.8,  
VB2737,VB2737-13,162.5373,164.5373,5.18,3.4,3.35
VB2737,VB2737-14,164.5373,166.5373,0.42,0.5,  
VB2737,VB2737-15,172.5373,174.5373,0.83,0.8,3.41
VB2737,VB2737-16,174.5373,176.5373,1.03,1,3.85
VB2737,VB2737-17,176.5373,178.5373,1.3,1.2,4.19
VB2737,VB2737-18,178.5373,180.5373,1.25,1.1,4.05
VB2737,VB2737-19,180.5373,182.5373,1.76,1.5,4.41
VB2737,VB2737-20,182.5373,184.5373,0.6,0.7,3.22
VB2737,VB2737-21,184.5373,186.5373,1.02,1,3.85
VB2737,VB2737-22,186.5373,188.5373,0.96,1,3.85
VB2737,VB2737-23,188.5373,190.5373,0.79,0.8,3.43
VB2737,VB2737-24,190.5373,192.5373,1.03,1,3.85
VB2737,VB2737-25,192.5373,194.5373,0.85,0.9,3.67
VB2737,VB2737-26,194.5373,196.5373,0.14,, 
VB2737,VB2737-27,196.5373,198.5373,0.19,0.4,2.82
VB2737,VB2737-28,200.5373,202.5373,,,3.02
VB2737,VB2737-29,202.5373,204.5373,,,3.05
VB2737,VB2737-30,204.5373,206.5373,,,3.07
VB2737,VB2737-31,206.5373,208.5373,,,3.09
VB2737,VB2737-32,208.5373,210.5373,,,3.09
VB2737,VB2737-33,210.5373,212.5373,,,3.09
VB2737,VB2737-34,212.5373,214.5373,,,3.1
VB2737,VB2737-35,214.5373,216.5373,,,3.1
VB2737,VB2737-36,216.5373,218.5373,,,3.11
VB2737,VB2737-37,218.5373,220.5373,,,3.11
VB2737,VB2737-38,220.5373,222.5373,,,3.12
VB2737,VB2737-39,222.5373,224.5373,,,3.15
VB2737,VB2737-40,224.5373,225.3873,0.32,0.5,3.74
VB2737,VB2737-41,225.3873,227.3873,,,3.16
VB2737,VB2737-42,227.3873,228.5373,,,3.17
VB2737,VB2737-43,228.5373,230.5373,,,3.17
VB2737,VB2737-44,230.5373,232.5373,,,3.17
VB2737,VB2737-45,232.5373,234.5373,,,3.17
VB2737,VB2737-46,234.5373,236.5373,,,3.17
VB2737,VB2737-47,236.5373,239.0373,,,3.18
VB2737,VB2737-48,239.0373,241.9373,,,3.19
VB2737,VB2737-49,241.9373,242.5373,,,3.2
VB2737,VB2737-50,242.5373,244.5373,,,3.2
VB2737,VB2737-51,244.5373,246.5373,,,3.21
VB2737,VB2737-52,246.5373,248.5373,,,3.21
VB2737,VB2737-53,248.5373,249.2873,,,3.22
VB2737,VB2737-54,249.2873,274.2373,,,3.23
VB2812,VB2812-01,122.2175,183.3175,,,2.7
VB2812,VB2812-02,183.3175,185.7175,0.35,0.5,  
VB2812,VB2812-03,185.7175,187.7175,1.26,0.9,  
VB2812,VB2812-04,187.7175,189.7175,0.07,0.4,  
VB2812,VB2812-05,189.7175,191.7175,0.21,0.4,  
VB2812,VB2812-06,191.7175,193.7175,0.28,0.5,  
VB2812,VB2812-07,193.7175,195.7175,2.73,1.8,  
VB2812,VB2812-08,199.7175,201.7175,0.91,0.8,  
VB2812,VB2812-09,201.7175,203.7175,1.21,1,  
VB2812,VB2812-10,203.7175,205.7175,1.01,0.9,  
VB2812,VB2812-11,205.7175,207.7175,1.53,1.2,  
VB2812,VB2812-12,207.7175,209.7175,1.21,1,  
VB2812,VB2812-13,209.7175,211.7175,0.9,0.9,   
VB2812,VB2812-14,211.7175,213.7175,0.58,0.7,  
VB2812,VB2812-15,213.7175,215.7175,0.48,0.6,  
VB2812,VB2812-16,215.7175,217.7175,0.75,0.8,  
VB2812,VB2812-17,217.7175,219.7175,0.88,0.9,  
VB2812,VB2812-18,219.7175,221.7175,0.98,1,  
VB2812,VB2812-19,221.7175,223.7175,1.24,1.2,4.19
VB2812,VB2812-20,223.7175,225.7175,0.1,,  
VB2812,VB2812-21,225.7175,227.7175,0.26,0.4,2.83
VB2812,VB2812-22,227.7175,229.7175,0.13,, 
VB2812,VB2812-23,229.7175,231.7175,0.1,,  
VB2812,VB2812-24,231.7175,233.7175,0.19,0.4,2.84
VB2812,VB2812-25,253.7175,255.7175,0.15,, 
VB2812,VB2812-26,255.7175,257.7175,0.42,0.6,3.08
VB2812,VB2812-27,265.7175,267.7175,0.04,, 
VB2812,VB2812-28,279.5175,281.7175,0.02,, 
VB2812,VB2812-29,281.7175,283.7175,0.35,0.5,2.98
VB2812,VB2812-30,283.7175,285.7175,0.41,0.6,3.74
VB2812,VB2812-31,285.7175,294.1175,,,3.24
VB2813,VB2813-01,150.9412,235.7412,,,2.71
VB2813,VB2813-02,236.3412,238.9412,5.95,4,3.53
VB2813,VB2813-03,238.9412,240.9412,6.86,4.7,3.67
VB2813,VB2813-04,240.9412,242.9412,2.1,1.6,   
VB2813,VB2813-05,242.9412,244.9412,6.44,4.6,3.62
VB2813,VB2813-06,244.9412,246.9412,3.85,2.9,3.16
VB2813,VB2813-07,246.9412,248.9412,4.06,3.1,3.23
VB2813,VB2813-08,248.9412,250.9412,6.09,4.6,3.662
VB2813,VB2813-09,252.9412,254.9412,0.45,0.6,3.08
VB2813,VB2813-10,254.9412,256.9412,0.08,, 
VB2813,VB2813-11,256.9412,258.9412,0.47,0.6,3.08
VB2813,VB2813-12,258.9412,260.9412,0.92,0.9,3.67
VB2813,VB2813-13,260.9412,262.9412,0.58,0.7,3.23
VB2813,VB2813-14,262.9412,264.9412,0.69,0.8,3.45
VB2813,VB2813-15,264.9412,266.9412,1.01,1,3.87
VB2813,VB2813-16,266.9412,268.9412,0.72,0.8,3.45
VB2813,VB2813-17,268.9412,270.9412,1.04,1.1,4.06
VB2813,VB2813-18,270.9412,272.9412,0.8,0.9,3.67
VB2813,VB2813-19,272.9412,274.9412,0.99,1.1,4.06
VB2813,VB2813-20,274.9412,276.9412,1.19,1.3,4.26
VB2813,VB2813-21,276.9412,279.0412,0.9,1,3.88
VB2813,VB2813-22,279.0412,402.7412,,,3.24
VB2832,VB2832-01,111.9309,190.2809,,,2.72
VB2832,VB2832-02,190.2809,191.8809,11.62,7.1,3.78
VB2832,VB2832-03,193.4809,195.9309,1.05,0.9,  
VB2832,VB2832-04,195.9309,197.9309,1.75,1.4,  
VB2832,VB2832-05,197.9309,199.9309,2.03,1.6,4.46
VB2832,VB2832-06,199.9309,201.9309,1.54,1.3,4.27
VB2832,VB2832-07,201.9309,203.9309,1.12,1,3.89
VB2832,VB2832-08,203.9309,205.9309,1.05,1,3.89
VB2832,VB2832-09,205.9309,207.9309,2.94,2.3,4.6
VB2832,VB2832-10,207.9309,209.9309,4.97,3.8,4.69
VB2832,VB2832-11,209.9309,211.9309,0.49,0.6,3.09
VB2832,VB2832-12,211.9309,214.4809,1.08,1,3.89
VB4266,VB4266-01,121.3206,203.6206,,,2.72
VB4266,VB4266-02,205.1206,206.3206,5.6,3.8,3.49
VB4266,VB4266-03,206.3206,208.3206,0.56,0.6,  
VB4266,VB4266-04,208.3206,210.3206,0.28,0.5,  
VB4266,VB4266-05,210.3206,212.3206,1.19,1,3.93
VB4266,VB4266-06,212.3206,214.3206,0.35,0.5,2.98
VB4266,VB4266-07,214.3206,216.3206,0.63,0.7,3.25
VB4266,VB4266-08,216.3206,218.3206,0.98,0.9,3.67
VB4266,VB4266-09,218.3206,220.3206,2.66,2.1,4.56
VB4266,VB4266-10,220.3206,222.3206,0.8,0.8,3.46
VB4266,VB4266-11,222.3206,224.3206,0.49,0.6,3.09
VB4266,VB4266-12,224.3206,226.3206,0.47,0.6,3.09
VB4266,VB4266-13,226.3206,228.3206,0.83,0.9,3.68
VB4266,VB4266-14,228.3206,230.3206,1.25,1.2,4.19
VB4266,VB4266-15,230.3206,232.3206,1.09,1.1,4.06
VB4266,VB4266-16,232.3206,234.3206,1.15,1.1,4.06
VB4266,VB4266-17,234.3206,236.3206,,1,3.74
VB4266,VB4266-18,236.3206,238.8206,,,3.25
VB4266,VB4266-19,238.8206,245.8206,,,3.26
VB4267,VB4267-01,99.36841,206.0684,,,2.73
VB4267,VB4267-02,206.5684,208.8684,2.31,2,2.87
VB4267,VB4267-03,208.8684,210.8684,1.12,1.1,  
VB4267,VB4267-04,210.8684,212.8684,0.63,0.7,  
VB4267,VB4267-05,212.8684,214.8684,2.8,2.5,3.04
VB4267,VB4267-06,214.8684,215.3684,6.02,5.3,3.77
VB4267,VB4267-07,215.3684,216.8684,6.02,5.3,4.71
VB4267,VB4267-08,216.8684,218.8684,0.42,0.6,3.09
VB4267,VB4267-09,218.8684,220.8684,0.13,, 
VB4267,VB4267-10,220.8684,222.8684,0.47,0.6,3.09
VB4267,VB4267-11,222.8684,224.8684,1.47,1.5,4.41
VB4267,VB4267-12,224.8684,226.8684,0.72,0.8,3.47
VB4267,VB4267-13,226.8684,228.8684,0.67,0.8,3.5
VB4267,VB4267-14,228.8684,230.8684,1.36,1.4,4.35
VB4267,VB4267-15,230.8684,232.8684,1.18,1.3,4.27
VB4267,VB4267-16,232.8684,234.8684,1.2,1.3,4.28
VB4267,VB4267-17,234.8684,236.9684,1.52,1.6,4.46
VB4267,VB4267-18,236.9684,237.5684,1.52,1.6,4.37
VB4267,VB4267-19,237.5684,244.8684,,,3.26
VB4269,VB4269-01,120.8834,198.1833,,,2.77
VB4269,VB4269-02,198.3834,200.3834,7.21,4.4,3.62
VB4269,VB4269-03,200.3834,202.3834,4.2,2.8,3.13
VB4269,VB4269-04,202.3834,204.3834,5.11,3.4,3.35
VB4269,VB4269-05,204.3834,206.3834,2.8,2,2.87
VB4269,VB4269-06,206.3834,208.3834,0.14,0.4,  
VB4269,VB4269-07,208.3834,210.3834,0.56,0.6,  
VB4269,VB4269-08,210.3834,212.3834,0.56,0.6,  
VB4269,VB4269-09,212.3834,214.3834,0.84,0.8,3.53
VB4269,VB4269-10,214.3834,215.9834,3.15,2.4,4.63
VB4269,VB4269-11,215.9834,218.3834,0.56,0.6,3.09
VB4269,VB4269-12,218.3834,220.3834,1.45,1.3,4.28
VB4269,VB4269-13,220.3834,222.8834,0.19,0.4,2.85
VB4269,VB4269-14,229.5833,230.3834,0.69,0.8,3.53
VB4269,VB4269-15,230.3834,232.3834,0.86,0.9,3.72
VB4269,VB4269-16,232.3834,234.3834,1.08,1.1,4.07
VB4270,VB4270-01,169.5499,249.8499,,,2.82
VB4270,VB4270-02,251.5499,253.5499,2.31,1.7,  
VB4270,VB4270-03,253.5499,255.5499,0.49,0.6,  
VB4270,VB4270-04,255.5499,257.5499,0.42,0.5,  
VB4270,VB4270-05,263.5499,265.5499,0.68,0.7,3.26
VB4270,VB4270-06,265.5499,267.5499,0.52,0.6,3.1
VB4270,VB4270-07,267.5499,269.5499,1.52,1.3,4.29
VB4270,VB4270-08,269.5499,271.5499,1.45,1.3,4.29
VB4270,VB4270-09,271.5499,273.5499,1.43,1.3,4.29
VB4270,VB4270-10,273.5499,275.5499,0.93,0.9,3.72
VB4270,VB4270-11,275.5499,277.5499,0.98,1,3.93
VB4270,VB4270-12,277.5499,279.5499,1.33,1.3,4.3
VB4270,VB4270-13,279.5499,281.5499,1.32,1.3,4.32
VB4270,VB4270-14,281.5499,283.5499,0.72,0.8,3.53
VB4270,VB4270-15,283.5499,285.5499,1.19,1.2,4.2
VB4270,VB4270-16,285.5499,286.5499,1.28,1.3,4.32
VB4270,VB4270-17,286.5499,304.5499,,,3.26
VB4271,VB4271-01,147.1564,233.7563,,,2.84
VB4271,VB4271-02,233.7563,235.1564,1.26,1.1,  
VB4271,VB4271-03,235.1564,237.1564,0.98,0.9,  
VB4271,VB4271-04,237.1564,239.1564,2.87,2.3,2.97
VB4271,VB4271-05,239.1564,241.1564,0.61,0.7,  
VB4271,VB4271-06,241.1564,241.7563,0.74,0.8,  
VB4271,VB4271-07,241.7563,243.1564,0.74,0.8,3.57
VB4271,VB4271-08,243.1564,245.1564,1.13,1.1,4.07
VB4271,VB4271-09,245.1564,247.1564,0.44,0.6,3.1
VB4271,VB4271-10,247.1564,249.1564,0.84,0.9,3.72
VB4271,VB4271-11,249.1564,251.1564,1.46,1.4,4.36
VB4271,VB4271-12,251.1564,253.1564,1.01,1,3.93
VB4271,VB4271-13,253.1564,255.1564,1.04,1.1,4.1
VB4271,VB4271-14,255.1564,257.1564,0.73,0.8,3.57
VB4271,VB4271-15,257.1564,259.1564,0.28,0.4,2.85
VB4271,VB4271-16,259.1564,261.1564,1.67,1.6,4.46
VB4271,VB4271-17,261.1564,263.1564,1.05,1.1,4.13
VB4271,VB4271-18,263.1564,265.1564,0.99,1.1,4.14
VB4271,VB4271-19,265.1564,267.1564,0.54,0.7,3.26
VB4271,VB4271-20,267.1564,269.1564,0.42,0.6,3.1
VB4271,VB4271-21,269.1564,270.6564,0.54,0.7,3.28
VB4271,VB4271-22,270.6564,279.1564,,,3.26
VB4272,VB4272-01,99.95594,198.256,,,2.84
VB4272,VB4272-02,201.4559,202.9559,6.44,5,3.67
VB4272,VB4272-03,202.9559,204.9559,3.92,3.2,4.66
VB4272,VB4272-04,204.9559,206.9559,18.41,14.4,4.74
VB4272,VB4272-05,206.9559,210.9559,0.61,0.7,3.28
VB4272,VB4272-06,210.9559,212.9559,1.29,1.3,4.32
VB4272,VB4272-07,212.9559,214.9559,1.65,1.6,4.49
VB4272,VB4272-08,214.9559,216.9559,0.94,1,3.93
VB4272,VB4272-09,216.9559,218.9559,1.1,1.1,3.85
VB4272,VB4272-10,218.9559,220.9559,0.94,1,3.85
VB4272,VB4272-11,220.9559,222.9559,1.07,1.1,3.96
VB4272,VB4272-12,222.9559,224.9559,0.94,1,3.85
VB4272,VB4272-13,224.9559,237.4559,,,3.26
VB4272,VB4272-14,237.4559,247.6559,,,3.26
VB4280,VB4280-01,96.52161,167.9216,,,2.88
VB4280,VB4280-02,192.0216,194.5216,3.5,2.6,3.07
VB4280,VB4280-03,194.5216,196.5216,2.31,1.9,2.8
VB4280,VB4280-04,196.5216,198.5216,2.17,1.8,2.74
VB4280,VB4280-05,198.5216,200.5216,1.26,1.2,  
VB4280,VB4280-06,200.5216,202.5216,1.47,1.3,  
VB4280,VB4280-07,202.5216,204.5216,1.12,1.1,  
VB4280,VB4280-08,206.5216,208.5216,0.35,0.5,  
VB4280,VB4280-09,208.5216,210.5216,1.26,1.2,  
VB4280,VB4280-10,210.5216,212.5216,1.96,1.8,4.49
VB4280,VB4280-11,212.5216,214.5216,1.96,1.8,4.51
VB4280,VB4280-12,214.5216,216.5216,3.71,3.3,4.67
VB4280,VB4280-13,218.5216,220.5216,0.03,, 
VB4280,VB4280-14,222.5216,224.5216,0.49,0.6,3.1
VB4280,VB4280-15,224.5216,226.5216,0.77,0.9,3.73
VB4280,VB4280-16,226.5216,228.0216,0.88,1,3.95
VB4280,VB4280-17,234.9216,240.3216,,,3.28
VB4281,VB4281-01,159.7156,220.0156,,,2.88
VB4281,VB4281-02,235.8156,236.7156,6.23,3.9,3.49
VB4281,VB4281-03,236.7156,238.7156,11.9,7.3,3.82
VB4281,VB4281-04,238.7156,240.7156,1.68,1.3,  
VB4281,VB4281-05,240.7156,242.7156,2.17,1.6,  
VB4281,VB4281-06,242.7156,244.7156,0.98,0.9,  
VB4281,VB4281-07,244.7156,246.7156,0.21,0.4,  
VB4281,VB4281-08,246.7156,248.7156,0.49,0.6,  
VB4281,VB4281-09,248.7156,250.7156,0.35,0.5,  
VB4281,VB4281-10,250.7156,252.7156,0.56,0.6,  
VB4281,VB4281-11,252.7156,254.7156,1.47,1.3,  
VB4281,VB4281-12,254.7156,256.7156,0.09,, 
VB4281,VB4281-13,256.7156,258.7156,0.14,, 
VB4281,VB4281-14,260.7156,262.7156,0.52,0.6,3.1
VB4281,VB4281-15,262.7156,264.7156,0.45,0.6,3.1
VB4281,VB4281-16,264.7156,266.7156,1.08,1.1,4.14
VB4281,VB4281-17,266.7156,268.7156,1.28,1.2,4.25
VB4281,VB4281-18,268.7156,270.7156,1.05,1.1,4.14
VB4281,VB4281-19,270.7156,272.7156,1.64,1.6,4.49
VB4281,VB4281-20,272.7156,274.7156,0.75,0.8,3.57
VB4281,VB4281-21,274.7156,276.7156,0.49,0.6,3.13
VB4281,VB4281-22,276.7156,278.7156,0.98,1,3.95
VB4281,VB4281-23,278.7156,280.7156,0.51,0.6,3.13
VB4281,VB4281-24,280.7156,282.7156,0.66,0.8,3.57
VB4281,VB4281-25,282.7156,284.7156,0.74,0.8,3.58
VB4281,VB4281-26,286.7156,289.2156,0.71,0.8,3.58
VB4281,VB4281-27,292.8156,301.2156,,,3.28
VB4282,VB4282-01,138.6154,201.1554,,,2.9
VB4282,VB4282-02,201.1554,202.1154,0.84,0.7,3.82
VB4282,VB4282-03,202.1154,204.1154,,,2.9
VB4282,VB4282-04,204.1154,204.4754,0.7,0.7,3.82
VB4282,VB4282-05,204.4754,206.1154,0.7,0.7,   
VB4282,VB4282-06,206.1154,208.1154,1.12,0.9,  
VB4282,VB4282-07,208.1154,210.1154,1.12,0.9,  
VB4282,VB4282-08,210.1154,212.1154,0.63,0.6,  
VB4282,VB4282-09,212.1154,214.1154,1.12,0.9,  
VB4282,VB4282-10,214.1154,216.1154,1.89,1.4,  
VB4282,VB4282-11,216.1154,218.1154,0.91,0.8,  
VB4282,VB4282-12,218.1154,220.1154,0.29,0.5,  
VB4282,VB4282-13,220.1154,220.4754,0.16,0.4,  
VB4282,VB4282-14,220.4754,222.1154,0.16,0.4,2.86
VB4282,VB4282-15,222.1154,224.1154,0.14,0.4,2.87
VB4282,VB4282-16,224.1154,226.1154,0.28,0.5,2.98
VB4282,VB4282-17,226.1154,228.1154,0.17,0.4,2.88
VB4282,VB4282-18,228.1154,230.1154,0.65,0.7,3.3
VB4282,VB4282-19,230.1154,232.1154,1.14,1,3.95
VB4282,VB4282-20,232.1154,234.1154,,0.9,3.76
VB4282,VB4282-21,234.1154,236.1154,0.6,0.7,3.3
VB4282,VB4282-22,236.1154,238.1154,0.81,0.8,3.58
VB4282,VB4282-23,238.1154,240.1154,0.77,0.8,3.58
VB4282,VB4282-24,240.1154,241.6154,0.79,0.8,3.58
VB4282,VB4282-25,241.6154,243.4154,,,3.28
VB4282,VB4282-26,243.4154,243.7754,,,3.28
VB4282,VB4282-27,243.7754,256.5754,,,3.29
VB4283,VB4283-01,108.2347,174.0347,,,2.91
VB4283,VB4283-02,174.0347,174.7347,2.87,1.7,  
VB4283,VB4283-03,174.7347,176.7347,2.03,1.3,  
VB4283,VB4283-04,176.7347,178.7347,1.82,1.3,  
VB4283,VB4283-05,178.7347,180.7347,1.26,1,  
VB4283,VB4283-06,180.7347,182.7347,1.26,1,  
VB4283,VB4283-07,182.7347,184.7347,0.63,0.7,  
VB4283,VB4283-08,184.7347,186.7347,0.35,0.5,  
VB4283,VB4283-09,186.7347,188.7347,0.63,0.7,  
VB4283,VB4283-10,188.7347,190.7347,2.73,1.9,2.81
VB4283,VB4283-11,192.7347,194.7347,0.12,0.4,2.89
VB4283,VB4283-12,194.7347,196.7347,0.14,0.4,2.89
VB4283,VB4283-13,196.7347,198.7347,0.47,0.6,3.14
VB4283,VB4283-14,198.7347,200.7347,0.79,0.8,3.62
VB4283,VB4283-15,200.7347,202.7347,0.93,0.9,3.78
VB4283,VB4283-16,202.7347,204.7347,1.24,1.1,4.16
VB4283,VB4283-17,204.7347,206.7347,1.22,1.1,4.16
VB4283,VB4283-18,206.7347,208.7347,1.23,1.1,4.16
VB4283,VB4283-19,208.7347,210.7347,0.25,0.4,2.89
VB4283,VB4283-20,210.7347,212.7347,0.93,0.9,3.8
VB4283,VB4283-21,212.7347,214.4347,0.07,,3.29
VB4283,VB4283-22,214.4347,223.1347,,,3.3
VB4285,VB4285-01,143.5002,226.8002,,,2.91
VB4285,VB4285-02,226.8002,228.5002,2.1,1.6,4.32
VB4285,VB4285-03,228.5002,230.5002,1.82,1.4,4.25
VB4285,VB4285-04,230.5002,232.5002,,,2.93
VB4285,VB4285-05,232.5002,234.5002,,,3.02
VB4285,VB4285-06,234.5002,236.5002,0.35,0.5,3.82
VB4285,VB4285-07,236.5002,236.8002,0.28,0.4,3.74
VB4285,VB4285-08,236.8002,238.5002,0.28,0.4,  
VB4285,VB4285-09,238.5002,240.5002,0.14,, 
VB4285,VB4285-10,240.5002,242.5002,0.28,0.4,  
VB4285,VB4285-11,242.5002,244.5002,0.14,, 
VB4285,VB4285-12,244.5002,246.5002,3.71,3,3.18
VB4285,VB4285-13,246.5002,248.5002,0.56,0.7,3.3
VB4285,VB4285-14,248.5002,250.5002,0.14,,2.17
VB4285,VB4285-15,250.5002,252.5002,0.28,0.4,2.9
VB4285,VB4285-16,252.5002,254.5002,0.98,1,3.95
VB4285,VB4285-17,254.5002,256.5002,0.63,0.7,3.31
VB4285,VB4285-18,256.5002,258.5002,0.56,0.7,3.31
VB4285,VB4285-19,258.5002,260.5002,1.96,1.9,4.54
VB4285,VB4285-20,260.5002,262.5002,2.17,2.1,4.56
VB4285,VB4285-21,262.5002,264.5002,0.62,0.7,3.31
VB4285,VB4285-22,264.5002,266.5002,1.52,1.5,4.42
VB4285,VB4285-23,266.5002,268.5002,0.17,,2.18
VB4285,VB4285-24,268.5002,270.5002,0.2,0.4,2.9
VB4285,VB4285-25,270.5002,272.5002,0.37,0.5,2.99
VB4285,VB4285-26,272.5002,274.5002,1.12,1.2,4.25
VB4285,VB4285-27,274.5002,276.5002,1.07,1.2,4.25
VB4285,VB4285-28,276.5002,278.5002,0.53,0.7,3.35
VB4285,VB4285-29,278.5002,280.5002,0.81,1,3.95
VB4285,VB4285-30,280.5002,282.5002,0,0.6,3.74
VB4285,VB4285-31,282.5002,284.5002,,,3.3
VB4285,VB4285-32,284.5002,286.5002,,,3.3
VB4285,VB4285-33,286.5002,288.0002,,,3.3
VB4286,VB4286-01,107.7976,171.9976,,,3.08
VB4286,VB4286-02,171.9976,174.2976,6.58,3.4,3.39
VB4286,VB4286-03,174.2976,176.2976,6.3,3.4,3.41
VB4286,VB4286-04,176.2976,178.2976,1.54,1.1,  
VB4286,VB4286-05,178.2976,180.2976,1.89,1.3,  
VB4286,VB4286-06,180.2976,182.2976,2.66,1.7,  
VB4286,VB4286-07,182.2976,184.2976,1.05,0.9,  
VB4286,VB4286-08,184.2976,186.2976,0.7,0.7,   
VB4286,VB4286-09,186.2976,188.2976,0.84,0.8,  
VB4286,VB4286-10,188.2976,190.2976,0.49,0.6,  
VB4286,VB4286-11,190.2976,192.2976,0.42,0.5,  
VB4286,VB4286-12,192.2976,194.2976,0.28,0.5,  
VB4286,VB4286-13,194.2976,196.2976,0.84,0.8,  
VB4286,VB4286-14,196.2976,198.2976,1.89,1.5,  
VB4286,VB4286-15,198.2976,200.2976,1.75,1.4,  
VB4286,VB4286-16,200.2976,202.2976,2.94,2.2,2.94
VB4286,VB4286-17,202.2976,204.2976,1.4,1.2,   
VB4286,VB4286-18,204.2976,206.2976,2.87,2.3,2.98
VB4286,VB4286-19,206.2976,208.2976,7.49,5.6,3.78
VB4286,VB4286-20,208.2976,210.2976,0.33,0.5,2.99
VB4286,VB4286-21,210.2976,212.2976,0.83,0.8,3.62
VB4286,VB4286-22,212.2976,214.2976,1.39,1.3,4.33
VB4286,VB4286-23,214.2976,216.2976,1.13,1.1,4.17
VB4286,VB4286-24,216.2976,218.2976,1.46,1.4,4.36
VB4286,VB4286-25,218.2976,220.2976,1.15,1.1,4.17
VB4286,VB4286-26,220.2976,222.2976,1.4,1.4,4.37
VB4286,VB4286-27,222.2976,224.2976,1.28,1.3,4.33
VB4286,VB4286-28,224.2976,226.2976,0.84,0.9,3.82
VB4286,VB4286-29,226.2976,228.4976,1.35,1.4,4.37
VB4286,VB4286-30,228.4976,235.8976,,,3.31
VB4287,VB4287-01,96.31549,199.2155,,,3.08
VB4287,VB4287-02,199.2155,199.4155,,,3.08
VB4287,VB4287-03,199.4155,200.3155,3.36,2.7,3.09
VB4287,VB4287-04,200.3155,202.3155,1.12,1.1,  
VB4287,VB4287-05,202.3155,204.3155,5.88,4.7,3.67
VB4287,VB4287-06,204.3155,206.3155,4.34,3.6,3.45
VB4287,VB4287-07,206.3155,208.3155,0.49,0.6,  
VB4287,VB4287-08,208.3155,210.3155,1.82,1.7,  
VB4287,VB4287-09,210.3155,212.3155,0.35,0.5,2.99
VB4287,VB4287-10,212.3155,214.3155,2.17,2,4.55
VB4287,VB4287-11,214.3155,216.3155,1.05,1.1,4.17
VB4287,VB4287-12,216.3155,218.3155,1.05,1.1,4.18
VB4287,VB4287-13,218.3155,220.3155,0.56,0.7,3.35
VB4287,VB4287-14,220.3155,222.3155,0.7,0.8,3.62
VB4287,VB4287-15,222.3155,224.3155,0.91,1,3.96
VB4287,VB4287-16,224.3155,226.3155,1.82,1.8,4.51
VB4287,VB4287-17,226.3155,228.3155,0.77,0.9,3.82
VB4287,VB4287-18,228.3155,230.3155,0.42,0.6,3.14
VB4287,VB4287-19,230.3155,232.3155,0.7,0.8,3.62
VB4287,VB4287-20,232.3155,234.3155,1.4,1.5,4.06
VB4287,VB4287-21,234.3155,236.3155,1.4,1.5,4.07
VB4287,VB4287-22,236.3155,238.3155,3.57,3.7,4.54
VB4287,VB4287-23,238.3155,240.3155,,,3.31
VB4287,VB4287-24,240.3155,242.3155,,,3.32
VB4287,VB4287-25,242.3155,244.3155,,,3.36
VB4287,VB4287-26,244.3155,246.3155,,,3.39
VB4287,VB4287-27,246.3155,248.3155,,,3.4
VB4287,VB4287-28,248.3155,250.3155,,,3.4
VB4287,VB4287-29,250.3155,252.3155,,,3.42
VB4287,VB4287-30,252.3155,254.3155,,,3.44
VB4287,VB4287-31,254.3155,256.3155,,,3.44
VB4287,VB4287-32,256.3155,258.0155,,,3.45
VB4288,VB4288-01,153.8416,233.9416,,,3.09
VB4288,VB4288-02,233.9416,235.8416,4.76,3.1,3.23
VB4288,VB4288-03,235.8416,237.8416,1.47,1.2,  
VB4288,VB4288-04,237.8416,239.8416,1.19,1,  
VB4288,VB4288-05,239.8416,241.8416,2.59,1.9,2.84
VB4288,VB4288-06,241.8416,243.8416,1.12,1,  
VB4288,VB4288-07,243.8416,245.8416,1.19,1.1,  
VB4288,VB4288-08,245.8416,247.8416,0.7,0.7,   
VB4288,VB4288-09,247.8416,249.8416,0.7,0.7,   
VB4288,VB4288-10,249.8416,251.8416,1.4,1.2,   
VB4288,VB4288-11,251.8416,253.8416,2.31,1.9,2.85
VB4288,VB4288-12,253.8416,255.8416,1.05,1,  
VB4288,VB4288-13,255.8416,257.8416,1.19,1.1,  
VB4288,VB4288-14,257.8416,259.8416,0.14,, 
VB4288,VB4288-15,259.8416,261.8416,0.77,0.8,  
VB4288,VB4288-16,261.8416,263.8416,1.89,1.7,  
VB4288,VB4288-17,263.8416,265.8416,2.94,2.6,3.09
VB4288,VB4288-18,265.8416,267.8416,1.47,1.4,4.38
VB4288,VB4288-19,267.8416,269.8416,,,2.18
VB4288,VB4288-20,269.8416,271.8416,,,2.6
VB4288,VB4288-21,271.8416,273.8416,0.3,0.5,3.02
VB4288,VB4288-22,273.8416,275.8416,0.79,0.9,3.82
VB4288,VB4288-23,275.8416,276.8416,0.95,1,3.96
VB4288,VB4288-24,276.8416,278.8416,,,2.61
VB4288,VB4288-25,278.8416,279.8416,1.81,1.8,4.52
VB4288,VB4288-26,279.8416,281.8416,1.33,1.4,4.38
VB4288,VB4288-27,281.8416,283.8416,0.79,0.9,3.82
VB4288,VB4288-28,283.8416,285.6416,0.67,0.8,3.74
VB4289,VB4289-01,125.6091,200.5091,,,3.09
VB4289,VB4289-02,200.5091,203.1091,3.36,2.2,2.96
VB4289,VB4289-03,203.1091,205.1091,4.97,3.1,3.25
VB4289,VB4289-04,205.1091,207.1091,0.98,0.9,  
VB4289,VB4289-05,207.1091,209.1091,0.91,0.8,  
VB4289,VB4289-06,209.1091,211.1091,0.77,0.8,  
VB4289,VB4289-07,211.1091,213.1091,0.91,0.8,  
VB4289,VB4289-08,213.1091,215.1091,0.42,0.5,  
VB4289,VB4289-09,215.1091,217.1091,1.4,1.2,   
VB4289,VB4289-10,217.1091,219.1091,1.82,1.5,  
VB4289,VB4289-11,219.1091,221.1091,1.12,1,  
VB4289,VB4289-12,221.1091,223.1091,1.19,1.1,  
VB4289,VB4289-13,223.1091,225.1091,2.31,1.9,2.858
VB4289,VB4289-14,225.1091,227.1091,3.5,2.8,3.14
VB4289,VB4289-15,227.1091,229.1091,3.71,3,3.21
VB4289,VB4289-16,229.1091,229.8091,0.17,0.4,  
VB4289,VB4289-17,229.8091,231.1091,0.17,0.4,2.9
VB4289,VB4289-18,231.1091,233.1091,0.53,0.6,3.15
VB4289,VB4289-19,233.1091,235.7091,0.89,0.9,3.84
VB4289,VB4289-20,235.7091,238.1091,,,3.45
VB4290,VB4290-01,128.9287,201.9287,,,3.1
VB4290,VB4290-02,201.9287,202.9287,,,3.1
VB4290,VB4290-03,202.9287,204.9287,6.79,4,3.61
VB4290,VB4290-04,204.9287,206.9287,5.39,3.3,3.33
VB4290,VB4290-05,206.9287,208.9287,1.61,1.2,  
VB4290,VB4290-06,208.9287,210.9287,5.25,3.4,3.41
VB4290,VB4290-07,210.9287,212.9287,2.31,1.7,  
VB4290,VB4290-08,212.9287,214.9287,3.01,2.1,2.89
VB4290,VB4290-09,214.9287,216.9287,3.08,2.2,2.96
VB4290,VB4290-10,216.9287,218.9287,0.77,0.8,  
VB4290,VB4290-11,218.9287,220.9287,2.8,2.1,2.92
VB4290,VB4290-12,220.9287,222.9287,0.7,0.7,   
VB4290,VB4290-13,222.9287,224.9287,2.03,1.6,  
VB4290,VB4290-14,226.9287,228.9287,0.34,0.5,  
VB4290,VB4290-15,228.9287,230.9287,0.97,0.9,  
VB4290,VB4290-16,230.9287,232.9287,0.97,1,3.99
VB4290,VB4290-17,232.9287,234.9287,1.24,1.2,4.25
VB4290,VB4290-18,234.9287,236.9287,1.42,1.3,4.35
VB4290,VB4290-19,236.9287,238.9287,0.97,1,4.01
VB4290,VB4290-20,238.9287,240.9287,1.02,1,4.01
VB4290,VB4290-21,240.9287,245.2287,,,2.63
VB4290,VB4290-22,245.2287,253.2287,,,3.45
VB4291,VB4291-01,113.7438,181.9438,,,3.1
VB4291,VB4291-02,181.9438,184.2438,,,3.1
VB4291,VB4291-03,184.2438,186.2438,,,3.14
VB4291,VB4291-04,186.2438,187.5438,,,3.14
VB4291,VB4291-05,187.5438,188.7438,,,3.15
VB4291,VB4291-06,188.7438,190.2438,,,3.15
VB4291,VB4291-07,190.2438,192.2438,,,3.21
VB4291,VB4291-08,192.2438,194.2438,,,3.23
VB4291,VB4291-09,194.2438,196.2438,,,3.24
VB4291,VB4291-10,196.2438,198.2438,,,3.25
VB4291,VB4291-11,198.2438,200.2438,,,3.29
VB4291,VB4291-12,200.2438,202.2438,,,3.31
VB4291,VB4291-13,202.2438,204.2438,,,3.31
VB4291,VB4291-14,204.2438,206.2438,,,3.31
VB4291,VB4291-15,206.2438,208.2438,,,3.35
VB4291,VB4291-16,208.2438,210.2438,1.26,1.1,  
VB4291,VB4291-17,210.2438,212.2438,1.61,1.4,  
VB4291,VB4291-18,212.2438,214.2438,3.08,2.4,3.03
VB4291,VB4291-19,214.2438,216.2438,10.99,8.2,3.83
VB4291,VB4291-20,216.2438,218.2438,17.29,13.1,3.89
VB4291,VB4291-21,218.2438,220.2438,29.96,22.9,4.33
VB4291,VB4291-22,220.2438,222.2438,26.88,21,4.21
VB4291,VB4291-23,222.2438,224.2438,0.67,0.7,3.39
VB4291,VB4291-24,224.2438,226.2438,0.47,0.6,3.15
VB4291,VB4291-25,226.2438,228.2438,0.59,0.7,3.39
VB4291,VB4291-26,228.2438,230.2438,0.56,0.7,3.41
VB4291,VB4291-27,230.2438,232.2438,0.76,0.8,3.65
VB4291,VB4291-28,232.2438,234.2438,0.08,,2.65
VB4291,VB4291-29,234.2438,236.2438,0.48,0.6,3.16
VB4291,VB4291-30,236.2438,238.2438,0.38,0.5,3.02
VB4291,VB4291-31,238.2438,240.2438,,,2.73
VB4291,VB4291-32,240.2438,242.2438,,,2.74
VB4291,VB4291-33,242.2438,244.2438,,,3.48
VB4291,VB4291-34,244.2438,246.2438,0.09,,3.48
VB4291,VB4291-35,246.2438,248.7438,,,3.48
VB4291,VB4291-36,248.7438,261.0438,,,3.48
VB4291,VB4291-37,261.0438,262.7438,,,3.5
VB4291,VB4291-38,262.7438,263.2438,,,3.5
VB4291,VB4291-39,263.2438,267.4438,,,3.51
VB4292,VB4292-01,146.3141,250.1141,,,3.35
VB4292,VB4292-02,250.1141,251.1141,5.6,4.4,4.41
VB4292,VB4292-03,251.1141,253.1141,2.45,2.1,2.92
VB4292,VB4292-04,253.1141,255.1141,1.47,1.4,  
VB4292,VB4292-05,255.1141,257.1141,2.17,1.9,2.86
VB4292,VB4292-06,257.1141,259.1141,2.52,2.2,2.97
VB4292,VB4292-07,259.1141,261.1141,0.84,0.9,  
VB4292,VB4292-08,261.1141,263.1141,2.1,1.9,2.86
VB4292,VB4292-09,263.1141,265.1141,0.77,0.8,  
VB4292,VB4292-10,265.1141,267.1141,2.66,2.5,3.06
VB4292,VB4292-11,267.1141,269.1141,2.24,2.1,2.93
VB4292,VB4292-12,269.1141,271.1141,3.15,3,3.21
VB4292,VB4292-13,271.1141,273.1141,1.68,1.7,4.49
VB4292,VB4292-14,273.1141,275.1141,0.84,0.9,3.85
VB4292,VB4292-15,275.1141,277.1141,1.33,1.4,4.39
VB4292,VB4292-16,277.1141,279.1141,1.26,1.4,4.4
VB4292,VB4292-17,279.1141,281.1141,1.61,1.7,4.49
VB4292,VB4292-18,281.1141,283.1141,1.96,2.1,4.57
VB4292,VB4292-19,283.1141,285.1141,2.1,2.2,4.59
VB4292,VB4292-20,285.1141,287.1141,2.94,3.1,4.65
VB4292,VB4292-21,287.1141,289.1141,2.17,2.3,4.61
VB4292,VB4292-22,289.1141,291.1141,,,3.53
VB4292,VB4292-23,291.1141,293.1141,,,3.55
VB4292,VB4292-24,293.1141,295.1141,,,3.57
VB4292,VB4292-25,295.1141,297.1141,,,3.57
VB4292,VB4292-26,297.1141,299.1141,,,3.57
VB4292,VB4292-27,299.1141,301.1141,,,3.62
VB4292,VB4292-28,301.1141,303.1141,,,3.62
VB4292,VB4292-29,303.1141,305.1141,,,3.67
VB4292,VB4292-30,305.1141,306.1141,,,3.69
VB4292,VB4292-31,306.1141,308.1141,,,3.72
VB4293,VB4293-01,125.5832,221.4832,,,3.47
VB4293,VB4293-02,221.4832,222.7832,4.97,3.7,3.45
VB4293,VB4293-03,222.7832,224.7832,3.5,2.7,3.09
VB4293,VB4293-04,224.7832,226.7832,2.87,2.3,3
VB4293,VB4293-05,226.7832,228.7832,2.59,2.1,2.93
VB4293,VB4293-06,228.7832,230.7832,4.41,3.5,3.45
VB4293,VB4293-07,230.7832,232.7832,2.24,1.9,2.86
VB4293,VB4293-08,232.7832,234.7832,0.91,0.9,  
VB4293,VB4293-09,234.7832,236.7832,0.49,0.6,  
VB4293,VB4293-10,236.7832,238.7832,1.4,1.3,   
VB4293,VB4293-11,238.7832,240.7832,2.1,1.9,2.87
VB4293,VB4293-12,240.7832,242.7832,1.19,1.2,  
VB4293,VB4293-13,242.7832,244.7832,1.54,1.5,  
VB4293,VB4293-14,244.7832,246.7832,1.4,1.4,   
VB4293,VB4293-15,246.7832,248.7832,3.15,2.9,3.17
VB4293,VB4293-16,248.7832,250.7832,2.87,2.7,3.13
VB4293,VB4293-17,250.7832,252.7832,2.03,2,4.56
VB4293,VB4293-18,252.7832,254.7832,0.05,,2.74
VB4293,VB4293-19,254.7832,256.7832,0.03,,2.75
VB4293,VB4293-20,256.7832,258.7832,,,2.76
VB4293,VB4293-21,258.7832,260.7832,0.47,0.6,3.16
VB4293,VB4293-22,260.7832,262.7832,0.45,0.6,3.21
VB4293,VB4293-23,262.7832,265.2832,0.34,0.5,3.02
VB4293,VB4293-24,265.2832,277.6832,,,3.72
VB4294,VB4294-01,112.5267,199.0267,,,3.72
VB4294,VB4294-02,199.0267,200.0267,5.74,3.8,4.38
VB4294,VB4294-03,200.0267,202.0267,9.73,6.4,4.66
VB4294,VB4294-04,202.0267,204.0267,1.12,1,  
VB4294,VB4294-05,204.0267,206.0267,1.61,1.3,  
VB4294,VB4294-06,206.0267,208.0267,1.75,1.4,  
VB4294,VB4294-07,208.0267,210.0267,4.34,3.2,3.29
VB4294,VB4294-08,210.0267,212.0267,2.24,1.8,2.8
VB4294,VB4294-09,212.0267,214.0267,1.26,1.1,  
VB4294,VB4294-10,214.0267,216.0267,4.06,3.2,3.31
VB4294,VB4294-11,216.0267,218.0267,0.35,0.5,3.06
VB4294,VB4294-12,218.0267,220.0267,,,2.77
VB4294,VB4294-13,220.0267,222.0267,0.71,0.8,3.67
VB4294,VB4294-14,222.0267,224.0267,1.35,1.3,4.35
VB4294,VB4294-15,224.0267,226.0267,1.2,1.2,4.25
VB4294,VB4294-16,226.0267,228.0267,1.16,1.2,4.25
VB4294,VB4294-17,228.0267,230.0267,0.26,0.4,3.74
VB4294,VB4294-18,230.0267,231.5267,,,3.72
VB4294,VB4294-19,231.5267,235.6267,,,3.74
VB4295,VB4295-01,100.4057,184.0057,,,3.74
VB4295,VB4295-02,184.0057,185.8057,1.05,0.9,3.82
VB4295,VB4295-03,185.8057,187.8057,1.12,1,  
VB4295,VB4295-04,187.8057,189.8057,1.61,1.3,  
VB4295,VB4295-05,189.8057,191.8057,1.75,1.4,  
VB4295,VB4295-06,191.8057,193.8057,1.75,1.4,  
VB4295,VB4295-07,193.8057,195.8057,2.1,1.7,   
VB4295,VB4295-08,195.8057,197.8057,1.26,1.1,  
VB4295,VB4295-09,197.8057,199.8057,1.19,1.1,  
VB4295,VB4295-10,199.8057,201.8057,1.82,1.5,4.45
VB4295,VB4295-11,201.8057,203.8057,2.17,1.8,4.53
VB4295,VB4295-12,203.8057,205.8057,2.73,2.3,4.62
VB4295,VB4295-13,205.8057,207.8057,0.27,0.4,2.97
VB4295,VB4295-14,207.8057,209.3057,1.03,1,4.03
VB4295,VB4295-15,209.3057,210.6057,,,3.74
VB4295,VB4295-16,210.6057,212.3057,0.61,0.7,3.74
VB4295,VB4295-17,212.3057,228.8057,,,3.74
